heritage_id;heritage_name;inscription_year;danger;longitude;latitude;area_hectares;criteria;category;category_code;country_name;world_region;country_code
230;Cultural Landscape and Archaeological Remains of the Bamiyan Valley;2003;1;67,82525;34,84694;158,9265;(i)(ii)(iii)(iv)(vi);Cultural;C;Afghanistan;Asia and the Pacific;afg
234;Minaret and Archaeological Remains of Jam;2002;1;64,51588889;34,39641667;70;(ii)(iii)(iv);Cultural;C;Afghanistan;Asia and the Pacific;afg
1590;Historic Centres of Berat and Gjirokastra;2005;0;20,14083333;40,07416667;58,9;(iii)(iv);Cultural;C;Albania;Europe and North America;alb
1563;Butrint;1992;0;20,02095;39,745732;;(iii);Cultural;C;Albania;Europe and North America;alb
111;Al Qal'a of Beni Hammad;1980;0;4,78684;35,81844;150;(iii);Cultural;C;Algeria;Arab States;dza
198;Tassili n'Ajjer;1982;0;9;25,5;7200000;(i)(iii)(vii)(viii);Mixed;C/N;Algeria;Arab States;dza
209;M'Zab Valley;1982;0;3,68333;32,48333;665,03;(ii)(iii)(v);Cultural;C;Algeria;Arab States;dza
212;Djémila;1982;0;5,73667;36,32056;30,6;(iii)(iv);Cultural;C;Algeria;Arab States;dza
214;Tipasa;1982;0;2,383333333;36,55;52,16;(iii)(iv);Cultural;C;Algeria;Arab States;dza
215;Timgad;1982;0;6,468861111;35,48416667;90,54;(ii)(iii)(iv);Cultural;C;Algeria;Arab States;dza
667;Kasbah of Algiers;1992;0;3,06028;36,78333;54,7;(ii)(v);Cultural;C;Algeria;Arab States;dza
1487;Madriu-Perafita-Claror Valley;2004;0;1,595555556;42,49472222;4247;(v);Cultural;C;Andorra;Europe and North America;and
2128;Mbanza Kongo, Vestiges of the Capital of the former Kingdom of Kongo;2017;0;14,24972222;-6,268888889;89,29;(iii)(iv);Cultural;C;Angola;Africa;ang
2086;Antigua Naval Dockyard and Related Archaeological Sites;2016;0;-61,76166667;17,00694444;255;(ii)(iv);Cultural;C;Antigua and Barbuda;Latin America and the Caribbean;atg
160;Los Glaciares National Park;1981;0;-73,24944;-50;726927;(vii)(viii);Natural;N;Argentina;Latin America and the Caribbean;arg
340;Iguazu National Park;1984;0;-54,286073;-25,577357;55000;(vii)(x);Natural;N;Argentina;Latin America and the Caribbean;arg
1091;Cueva de las Manos, Río Pinturas;1999;0;-70,66666667;-47,15;600;(iii);Cultural;C;Argentina;Latin America and the Caribbean;arg
1092;Península Valdés;1999;0;-64;-42,5;360000;(x);Natural;N;Argentina;Latin America and the Caribbean;arg
1130;Ischigualasto / Talampaya Natural Parks;2000;0;-68;-30;275369;(viii);Natural;N;Argentina;Latin America and the Caribbean;arg
1159;Jesuit Block and Estancias of Córdoba;2000;0;-64,19111;-31,42056;38,12;(ii)(iv);Cultural;C;Argentina;Latin America and the Caribbean;arg
1295;Quebrada de Humahuaca;2003;0;-65,34886111;-23,19986111;172116,4375;(ii)(iv)(v);Cultural;C;Argentina;Latin America and the Caribbean;arg
2172;Los Alerces National Park;2017;0;-71,8728;-42,8528;188379;(vii)(x);Natural;N;Argentina;Latin America and the Caribbean;arg
2468;ESMA Museum and Site of Memory – Former Clandestine Centre of Detention, Torture and Extermination;2023;0;-58,46533333;-34,53664167;0,907;(vi);Cultural;C;Argentina;Latin America and the Caribbean;arg
920;Monasteries of Haghpat and Sanahin;1996;0;44,71028;41,095;2,65;(ii)(iv);Cultural;C;Armenia;Europe and North America;arm
1124;Monastery of Geghard and the Upper Azat Valley;2000;0;44,818525;40,140439;2,7;(ii);Cultural;C;Armenia;Europe and North America;arm
1181;Cathedral and Churches of Echmiatsin and the Archaeological Site of Zvartnots;2000;0;44,29514;40,15931;74,3;(ii)(iii);Cultural;C;Armenia;Europe and North America;arm
1872;Kakadu National Park;1981;0;132,8333333;-12,83333333;1980994,92;(i)(vi)(vii)(ix)(x);Mixed;C/N;Australia;Asia and the Pacific;aus
172;Great Barrier Reef;1981;0;147,7;-18,28611111;34870000;(vii)(viii)(ix)(x);Natural;N;Australia;Asia and the Pacific;aus
1457;Sydney Opera House;2007;0;151,2152778;-33,85666667;5,8;(i);Cultural;C;Australia;Asia and the Pacific;aus
185;Willandra Lakes Region;1981;0;143;-34;240000;(iii)(viii);Mixed;C/N;Australia;Asia and the Pacific;aus
1950;Tasmanian Wilderness;1982;0;146,2305556;-43,11847222;1584233;(iii)(iv)(vi)(vii)(viii)(ix)(x);Mixed;C/N;Australia;Asia and the Pacific;aus
206;Lord Howe Island Group;1982;0;159,0883333;-31,56555556;146300;(vii)(x);Natural;N;Australia;Asia and the Pacific;aus
422;Gondwana Rainforests of Australia;1986;0;150,05;-28,25;370000;(viii)(ix)(x);Natural;N;Australia;Asia and the Pacific;aus
519;Ulu<U>r</U>u-Kata Tju<U>t</U>a National Park;1987;0;131;-25,33333333;132566;(v)(vi)(vii)(viii);Mixed;C/N;Australia;Asia and the Pacific;aus
565;Wet Tropics of Queensland;1988;0;144,9666667;-15,65;893453;(vii)(viii)(ix)(x);Natural;N;Australia;Asia and the Pacific;aus
683;Heard and McDonald Islands;1997;0;73,5;-53,1;658903;(viii)(ix);Natural;N;Australia;Asia and the Pacific;aus
684;Shark Bay, Western Australia;1991;0;113,4361111;-25,48611111;2200902;(vii)(viii)(ix)(x);Natural;N;Australia;Asia and the Pacific;aus
747;Macquarie Island;1997;0;158,8955556;-54,59472222;557280;(vii)(viii);Natural;N;Australia;Asia and the Pacific;aus
748;K’gari (Fraser Island);1992;0;153,1333333;-25,21666667;181851;(vii)(viii)(ix);Natural;N;Australia;Asia and the Pacific;aus
826;Australian Fossil Mammal Sites (Riversleigh / Naracoorte);1994;0;138,7166667;-19,08333333;10326;(viii)(ix);Natural;N;Australia;Asia and the Pacific;aus
1071;Greater Blue Mountains Area;2000;0;150;-33,7;1032649;(ix)(x);Natural;N;Australia;Asia and the Pacific;aus
1272;Purnululu National Park;2003;0;128,5;-17,5;239723;(vii)(viii);Natural;N;Australia;Asia and the Pacific;aus
1730;Royal Exhibition Building and Carlton Gardens;2004;0;144,9702778;-37,80611111;26;(ii);Cultural;C;Australia;Asia and the Pacific;aus
1648;Australian Convict Sites;2010;0;150,9944444;-33,37833333;1502,51;(iv)(vi);Cultural;C;Australia;Asia and the Pacific;aus
1763;Ningaloo Coast;2011;0;113,8102778;-22,5625;705015;(vii)(x);Natural;N;Australia;Asia and the Pacific;aus
2262;Budj Bim Cultural Landscape;2019;0;141,8852778;-38,08111111;9935;(iii)(v);Cultural;C;Australia;Asia and the Pacific;aus
2607;Murujuga Cultural Landscape;2025;0;116,6685278;-20,56502778;99,881;(i)(iii)(v);Cultural;C;Australia;Asia and the Pacific;aus
927;Historic Centre of the City of Salzburg;1996;0;13,04333333;47,80055556;236;(ii)(iv)(vi);Cultural;C;Austria;Europe and North America;aut
928;Semmering Railway;1998;0;15,82797222;47,64877778;156,18;(ii)(iv);Cultural;C;Austria;Europe and North America;aut
929;Palace and Gardens of Schönbrunn;1996;0;16,31333333;48,18666667;186,28;(i)(iv);Cultural;C;Austria;Europe and North America;aut
2615;Hallstatt-Dachstein / Salzkammergut Cultural Landscape;1997;0;13,64638889;47,55944444;28637;(iii)(iv);Cultural;C;Austria;Europe and North America;aut
1724;City of Graz – Historic Centre and Schloss Eggenberg;1999;0;15,43861111;47,07305556;91,094;(ii)(iv);Cultural;C;Austria;Europe and North America;aut
2616;Wachau Cultural Landscape;2000;0;15,43416667;48,36444444;18462;(ii)(iv);Cultural;C;Austria;Europe and North America;aut
1206;Historic Centre of Vienna;2001;1;16,3699;48,2094;371;(ii)(iv)(vi);Cultural;C;Austria;Europe and North America;aut
1121;Walled City of Baku with the Shirvanshah's Palace and Maiden Tower;2000;0;49,83333333;40,36666667;21,5;(iv);Cultural;C;Azerbaijan;Europe and North America;aze
1474;Gobustan Rock Art Cultural Landscape;2007;0;49,375;40,125;537,22;(iii);Cultural;C;Azerbaijan;Europe and North America;aze
2333;Historic Centre of Sheki with the Khan’s Palace;2019;0;47,1875;41,20333333;120,5;(ii)(v);Cultural;C;Azerbaijan;Europe and North America;aze
2484;Cultural Landscape of Khinalig People and “Köç Yolu” Transhumance Route;2023;0;48,8854;40,7059;44829,41;(iii)(v);Cultural;C;Azerbaijan;Europe and North America;aze
2062;Qal’at al-Bahrain – Ancient Harbour and Capital of Dilmun;2005;0;50,52722222;26,23306;70,4;(ii)(iii)(iv);Cultural;C;Bahrain;Arab States;bhr
1859;Pearling, Testimony of an Island Economy;2012;0;50,61351;26,24128;35086,81;(iii);Cultural;C;Bahrain;Arab States;bhr
2291;Dilmun Burial Mounds;2019;0;50,51277778;26,14972222;168,45;(iii)(iv);Cultural;C;Bahrain;Arab States;bhr
365;Historic Mosque City of Bagerhat;1985;0;89,8;22,66667;0;(iv);Cultural;C;Bangladesh;Asia and the Pacific;bgd
366;Ruins of the Buddhist Vihara at Paharpur;1985;0;88,98333333;25,03333333;0;(i)(ii)(vi);Cultural;C;Bangladesh;Asia and the Pacific;bgd
943;The Sundarbans;1997;0;89,18333;21,95;139500;(ix)(x);Natural;N;Bangladesh;Asia and the Pacific;bgd
1786;Historic Bridgetown and its Garrison;2011;0;-59,61388889;13,09666667;187;(ii)(iii)(iv);Cultural;C;Barbados;Latin America and the Caribbean;brb
743;Mir Castle Complex;2000;0;26,47272222;53,45108333;27;(ii)(iv);Cultural;C;Belarus;Europe and North America;blr
1373;Architectural, Residential and Cultural Complex of the Radziwill Family at Nesvizh;2005;0;26,69139;53,22278;0;(ii)(iv)(vi);Cultural;C;Belarus;Europe and North America;blr
1006;Flemish Béguinages;1998;0;4,47375;51,03097222;59,95;(ii)(iii)(iv);Cultural;C;Belgium;Europe and North America;bel
1007;The Four Lifts on the Canal du Centre and their Environs, La Louvière and Le Roeulx (Hainaut);1998;0;4,13722;50,48111;67,3436;(iii)(iv);Cultural;C;Belgium;Europe and North America;bel
1008;La Grand-Place, Brussels;1998;0;4,35242;50,84668;1,48;(ii)(iv);Cultural;C;Belgium;Europe and North America;bel
1160;Historic Centre of Brugge;2000;0;3,22527;51,20891;410;(ii)(iv)(vi);Cultural;C;Belgium;Europe and North America;bel
1173;Major Town Houses of the Architect Victor Horta (Brussels);2000;0;4,36223;50,82806;0;(i)(ii)(iv);Cultural;C;Belgium;Europe and North America;bel
1174;Neolithic Flint Mines at Spiennes (Mons);2000;0;3,982268911;50,42011348;172;(i)(iii)(iv);Cultural;C;Belgium;Europe and North America;bel
1179;Notre-Dame Cathedral in Tournai;2000;0;3,38926;50,60603;0,4963;(ii)(iv);Cultural;C;Belgium;Europe and North America;bel
1362;Plantin-Moretus House-Workshops-Museum Complex;2005;0;4,39778;51,21833;0,23;(ii)(iii)(iv)(vi);Cultural;C;Belgium;Europe and North America;bel
1578;Stoclet House;2009;0;4,416111111;50,835;0,86;(i)(ii);Cultural;C;Belgium;Europe and North America;bel
1837;Major Mining Sites of Wallonia;2012;0;3,838333333;50,43527778;118,07;(ii)(iv);Cultural;C;Belgium;Europe and North America;bel
900;Belize Barrier Reef Reserve System;1996;0;-87,846213;17,190549;96300;(vii)(ix)(x);Natural;N;Belize;Latin America and the Caribbean;blz
1560;Royal Palaces of Abomey;1985;0;1,983333333;7,183333333;47,6;(iii)(iv);Cultural;C;Benin;Africa;ben
484;City of Potosí;1987;1;-65,749813;-19,599112;2211;(ii)(iv)(vi);Cultural;C;Bolivia (Plurinational State of);Latin America and the Caribbean;bol
619;Jesuit Missions of the Chiquitos;1990;0;-60,5;-16;0;(iv)(v);Cultural;C;Bolivia (Plurinational State of);Latin America and the Caribbean;bol
668;Historic City of Sucre;1991;0;-65,259592;-19,04799;0;(iv);Cultural;C;Bolivia (Plurinational State of);Latin America and the Caribbean;bol
670;Tiwanaku: Spiritual and Political Centre of the Tiwanaku Culture;2000;0;-68,673278;-16,555003;71,5;(iii)(iv);Cultural;C;Bolivia (Plurinational State of);Latin America and the Caribbean;bol
1035;Fuerte de Samaipata;1998;0;-63,820485;-18,178323;0;(ii)(iii);Cultural;C;Bolivia (Plurinational State of);Latin America and the Caribbean;bol
1131;Noel Kempff Mercado National Park;2000;0;-60,86667;-14,26667;1523446;(ix)(x);Natural;N;Bolivia (Plurinational State of);Latin America and the Caribbean;bol
1107;Old Bridge Area of the Old City of Mostar;2005;0;17,815;43,33730556;7,6;(vi);Cultural;C;Bosnia and Herzegovina;Europe and North America;bih
1437;Mehmed Paša Sokolović Bridge in Višegrad;2007;0;19,288025;43,78144444;1,5;(ii)(iv);Cultural;C;Bosnia and Herzegovina;Europe and North America;bih
2549;Vjetrenica Cave, Ravno;2024;0;17,98888889;42,845;413,97;(x);Natural;N;Bosnia and Herzegovina;Europe and North America;bih
1191;Tsodilo;2001;0;21,73333333;-18,75;4800;(i)(iii)(vi);Cultural;C;Botswana;Africa;bwa
1976;Okavango Delta;2014;0;22,9;-19,28333333;2023590;(vii)(ix)(x);Natural;N;Botswana;Africa;bwa
136;Historic Town of Ouro Preto;1980;0;-43,50555556;-20,38888889;167,8;(i)(iii);Cultural;C;Brazil;Latin America and the Caribbean;bra
210;Historic Centre of the Town of Olinda;1982;0;-34,845;-8,013333333;190,9;(ii)(iv);Cultural;C;Brazil;Latin America and the Caribbean;bra
348;Historic Centre of Salvador de Bahia;1985;0;-38,512981;-12,972917;200;(iv)(vi);Cultural;C;Brazil;Latin America and the Caribbean;bra
380;Sanctuary of Bom Jesus do Congonhas;1985;0;-43,860806;-20,508201;2,19;(i)(iv);Cultural;C;Brazil;Latin America and the Caribbean;bra
408;Iguaçu National Park;1986;0;-53,80014444;-25,44814722;169695,88;(vii)(x);Natural;N;Brazil;Latin America and the Caribbean;bra
516;Brasilia;1987;0;-47,9;-15,78333;11268,92;(i)(iv);Cultural;C;Brazil;Latin America and the Caribbean;bra
719;Serra da Capivara National Park;1991;0;-42,652436;-8,718634;130600;(iii);Cultural;C;Brazil;Latin America and the Caribbean;bra
970;Historic Centre of São Luís;1997;0;-44,303369;-2,530054;66,65;(iii)(iv)(v);Cultural;C;Brazil;Latin America and the Caribbean;bra
1042;Historic Centre of the Town of Diamantina;1999;0;-43,59768;-18,244776;28,5;(ii)(iv);Cultural;C;Brazil;Latin America and the Caribbean;bra
1044;Discovery Coast Atlantic Forest Reserves;1999;0;-39,25;-16,5;111930;(ix)(x);Natural;N;Brazil;Latin America and the Caribbean;bra
1045;Atlantic Forest South-East Reserves;1999;0;-48;-24,16667;468193;(vii)(ix)(x);Natural;N;Brazil;Latin America and the Caribbean;bra
1157;Historic Centre of the Town of Goiás;2001;0;-50,140164;-15,934231;40,3;(ii)(iv);Cultural;C;Brazil;Latin America and the Caribbean;bra
1163;Central Amazon Conservation Complex;2000;0;-62,00833333;-2,333333333;5232018;(ix)(x);Natural;N;Brazil;Latin America and the Caribbean;bra
1164;Pantanal Conservation Area;2000;0;-57,359;-17,656;187818;(vii)(ix)(x);Natural;N;Brazil;Latin America and the Caribbean;bra
1166;Brazilian Atlantic Islands: Fernando de Noronha and Atol das Rocas Reserves;2001;0;-32,42511111;-3,857944444;43270;(vii)(ix)(x);Natural;N;Brazil;Latin America and the Caribbean;bra
2363;Cerrado Protected Areas: Chapada dos Veadeiros and Emas National Parks;2001;0;-47,68461111;-14,00569444;381430;(ix)(x);Natural;N;Brazil;Latin America and the Caribbean;bra
1843;Rio de Janeiro: Carioca Landscapes between the Mountain and the Sea;2012;0;-43,29138889;-22,94777778;7248,78;(v)(vi);Cultural;C;Brazil;Latin America and the Caribbean;bra
1725;São Francisco Square in the Town of São Cristóvão;2010;0;-37,20537476;-11,01365544;3;(ii)(iv);Cultural;C;Brazil;Latin America and the Caribbean;bra
2264;Paraty and Ilha Grande – Culture and Biodiversity;2019;0;-44,68536944;-23,01860556;173164,18;(v)(x);Mixed;C/N;Brazil;Latin America and the Caribbean;bra
2077;Pampulha Modern Ensemble;2016;0;-43,97361111;-19,85194444;154;(i)(ii)(iv);Cultural;C;Brazil;Latin America and the Caribbean;bra
2173;Valongo Wharf Archaeological Site;2017;0;-43,18739444;-22,89711111;0,3895;(vi);Cultural;C;Brazil;Latin America and the Caribbean;bra
2545;Lençóis Maranhenses National Park;2024;0;-43,06361111;-2,536666667;156562;(vii)(viii);Natural;N;Brazil;Latin America and the Caribbean;bra
2345;Sítio Roberto Burle Marx;2021;0;-43,54622222;-23,02237778;40,53;(ii)(iv);Cultural;C;Brazil;Latin America and the Caribbean;bra
2605;Peruaçu River Canyon;2025;0;-44,20833333;-15,075;38003;(vii)(viii);Natural;N;Brazil;Latin America and the Caribbean;bra
46;Boyana Church;1979;0;23,26618278;42,64463194;0,68;(ii)(iii);Cultural;C;Bulgaria;Europe and North America;bgr
47;Madara Rider;1979;0;27,118894;43,277375;1,2;(i)(iii);Cultural;C;Bulgaria;Europe and North America;bgr
48;Thracian Tomb of Kazanlak;1979;0;25,399172;42,625774;0,0155;(i)(iii)(iv);Cultural;C;Bulgaria;Europe and North America;bgr
49;Rock-Hewn Churches of Ivanovo;1979;0;25,987893;43,694858;171,9;(ii)(iii);Cultural;C;Bulgaria;Europe and North America;bgr
239;Rila Monastery;1983;0;23,340187;42,133298;10,7;(vi);Cultural;C;Bulgaria;Europe and North America;bgr
2566;Ancient City of Nessebar;1983;0;27,73602778;42,65911111;34,71;(iii)(iv);Cultural;C;Bulgaria;Europe and North America;bgr
1621;Srebarna Nature Reserve;1983;0;27,07806;44,11444;638;(x);Natural;N;Bulgaria;Europe and North America;bgr
1641;Pirin National Park;1983;0;23,43047222;41,74272222;38350,04;(vii)(viii)(ix);Natural;N;Bulgaria;Europe and North America;bgr
412;Thracian Tomb of Sveshtari;1985;0;26,66667;43,66667;647,6;(i)(iii);Cultural;C;Bulgaria;Europe and North America;bgr
1696;Ruins of Loropéni;2009;0;-3,583333333;10,25;1,113;(iii);Cultural;C;Burkina Faso;Africa;bfa
2290;Ancient Ferrous Metallurgy Sites of Burkina Faso;2019;0;-3,328986111;12,58775833;122,3;(iii)(iv)(vi);Cultural;C;Burkina Faso;Africa;bfa
2531;Royal Court of Tiébélé;2024;0;-0,961861111;11,08922222;1,84;(iii);Cultural;C;Burkina Faso;Africa;bfa
1600;Cidade Velha, Historic Centre of Ribeira Grande;2009;0;-23,60519444;14,91513889;209,1;(ii)(iii)(vi);Cultural;C;Cabo Verde;Africa;cpv
791;Angkor;1992;0;103,8333333;13,43333333;40100;(i)(ii)(iii)(iv);Cultural;C;Cambodia;Asia and the Pacific;khm
1591;Temple of Preah Vihear;2008;0;104,6838889;14,38833333;154,7;(i);Cultural;C;Cambodia;Asia and the Pacific;khm
2140;Temple Zone of Sambor Prei Kuk, Archaeological Site of Ancient Ishanapura;2017;0;105,0430556;12,8725;840,03;(ii)(iii)(vi);Cultural;C;Cambodia;Asia and the Pacific;khm
2434;Koh Ker: Archaeological Site of Ancient Lingapura or Chok Gargyar;2023;0;104,5372222;13,78305556;1187,61;(ii)(iv);Cultural;C;Cambodia;Asia and the Pacific;khm
2609;Cambodian Memorial Sites: From centres of repression to places of peace and reflection;2025;0;104,384814;11,77016;3,9;(vi);Cultural;C;Cambodia;Asia and the Pacific;khm
470;Dja Faunal Reserve;1987;0;12,983;3,125;526000;(ix)(x);Natural;N;Cameroon;Africa;cmr
2599;Diy-Gid-Biy Cultural Landscape of the Mandara Mountains;2025;0;13,79555556;10,90333333;2500;(iii);Cultural;C;Cameroon;Africa;cmr
2248;L’Anse aux Meadows National Historic Site;1978;0;-55,55;51,58472222;7991;(vi);Cultural;C;Canada;Europe and North America;can
27;Nahanni National Park;1978;0;-125,5894444;61,54722222;476560;(vii)(viii);Natural;N;Canada;Europe and North America;can
75;Dinosaur Provincial Park;1979;0;-111,4922222;50,76777778;7825;(vii)(viii);Natural;N;Canada;Europe and North America;can
175;S<U>G</U>ang Gwaay;1981;0;-131,2202778;52,095;0;(iii);Cultural;C;Canada;Europe and North America;can
2405;Head-Smashed-In Buffalo Jump;1981;0;-113,6520528;49,70840556;3626;(vi);Cultural;C;Canada;Europe and North America;can
286;Wood Buffalo National Park;1983;0;-112,2933333;59,35833333;4480000;(vii)(ix)(x);Natural;N;Canada;Europe and North America;can
336;Historic District of Old Québec;1985;0;-71,21055556;46,80944444;135;(iv)(vi);Cultural;C;Canada;Europe and North America;can
342;Canadian Rocky Mountain Parks;1984;0;-116,4797222;51,42472222;2360000;(vii)(viii);Natural;N;Canada;Europe and North America;can
483;Gros Morne National Park;1987;0;-57,53138889;49,6125;180500;(vii)(viii);Natural;N;Canada;Europe and North America;can
812;Miguasha National Park;1999;0;-66,35305556;48,105;87,3;(viii);Natural;N;Canada;Europe and North America;can
875;Old Town Lunenburg;1995;0;-64,30916667;44,37611111;33,85;(iv)(v);Cultural;C;Canada;Europe and North America;can
1475;Rideau Canal;2007;0;-75,765125;44,99438611;21454,81;(i)(iv);Cultural;C;Canada;Europe and North America;can
1516;Joggins Fossil Cliffs;2008;0;-64,43583333;45,70972222;689;(viii);Natural;N;Canada;Europe and North America;can
1828;Landscape of Grand Pré;2012;0;-64,30722222;45,11833333;1323,24;(v)(vi);Cultural;C;Canada;Europe and North America;can
1874;Red Bay Basque Whaling Station;2013;0;-56,42952222;51,726925;312,973;(iii)(iv);Cultural;C;Canada;Europe and North America;can
2214;Pimachiowin Aki;2018;0;-95,41127778;51,82641667;2904000;(iii)(vi)(ix);Mixed;C/N;Canada;Europe and North America;can
2083;Mistaken Point;2016;0;-53,21111111;46,635;146;(viii);Natural;N;Canada;Europe and North America;can
2431;Tr’ondëk-Klondike;2023;0;-139,4399472;64,05034722;334,54;(iv);Cultural;C;Canada;Europe and North America;can
2295;Writing-on-Stone / Áísínai’pi;2019;0;-111,6333333;49,075;1106;(iii);Cultural;C;Canada;Europe and North America;can
2474;Anticosti;2023;0;-63,24527778;49,53861111;18240;(viii);Natural;N;Canada;Europe and North America;can
553;Manovo-Gounda St Floris National Park;1988;1;21,5;9;1740000;(ix)(x);Natural;N;Central African Republic;Africa;caf
1824;Lakes of Ounianga;2012;0;20,50555556;19,055;62808;(vii);Natural;N;Chad;Africa;tcd
2091;Ennedi Massif: Natural and Cultural Landscape;2016;0;21,86277778;17,04166667;2441200;(iii)(vii)(ix);Mixed;C/N;Chad;Africa;tcd
846;Rapa Nui National Park;1995;0;-109,365683;-27,074403;6666;(i)(iii)(v);Cultural;C;Chile;Latin America and the Caribbean;chl
1123;Historic Quarter of the Seaport City of Valparaíso;2003;0;-71,628;-33,04063889;23,2;(iii);Cultural;C;Chile;Latin America and the Caribbean;chl
2365;Churches of Chiloé;2000;0;-73,76666667;-42,5;13,8977;(ii)(iii);Cultural;C;Chile;Latin America and the Caribbean;chl
2364;Humberstone and Santa Laura Saltpeter Works;2005;0;-69,79406;-20,20582;573,48;(ii)(iii)(iv);Cultural;C;Chile;Latin America and the Caribbean;chl
1391;Sewell Mining Town;2006;0;-70,38277778;-34,08444444;17,2;(ii);Cultural;C;Chile;Latin America and the Caribbean;chl
2372;Settlement and Artificial Mummification of the Chinchorro Culture in the Arica and Parinacota Region;2021;0;-70,32157222;-18,48196111;;(iii)(v);Cultural;C;Chile;Latin America and the Caribbean;chl
507;Mount Taishan;1987;0;117,1;36,26667;25000;(i)(ii)(iii)(iv)(v)(vi)(vii);Mixed;C/N;China;Asia and the Pacific;chn
508;The Great Wall;1987;0;116,08333;40,41667;2151,55;(i)(ii)(iii)(iv)(vi);Cultural;C;China;Asia and the Pacific;chn
510;Imperial Palaces of the Ming and Qing Dynasties in Beijing and Shenyang;1987;0;123,4469444;41,79416667;84,96;(i)(ii)(iii)(iv);Cultural;C;China;Asia and the Pacific;chn
511;Mogao Caves;1987;0;94,81667;40,13333;23392;(i)(ii)(iii)(iv)(v)(vi);Cultural;C;China;Asia and the Pacific;chn
512;Mausoleum of the First Qin Emperor;1987;0;109,259951;34,381311;244;(i)(iii)(iv)(vi);Cultural;C;China;Asia and the Pacific;chn
521;Peking Man Site at Zhoukoudian;1987;0;115,922702;39,689449;480;(iii)(vi);Cultural;C;China;Asia and the Pacific;chn
1933;Mount Huangshan;1990;0;118,155083;30,145333;16060;(ii)(vii)(x);Mixed;C/N;China;Asia and the Pacific;chn
757;Jiuzhaigou Valley Scenic and Historic Interest Area;1992;0;103,91667;33,08333;72000;(vii);Natural;N;China;Asia and the Pacific;chn
758;Huanglong Scenic and Historic Interest Area;1992;0;103,82222;32,75417;60000;(vii);Natural;N;China;Asia and the Pacific;chn
760;Wulingyuan Scenic and Historic Interest Area;1992;0;110,5;29,33333;26400;(vii);Natural;N;China;Asia and the Pacific;chn
831;Mountain Resort and its Outlying Temples, Chengde;1994;0;117,93833;40,98694;611,2;(ii)(iv);Cultural;C;China;Asia and the Pacific;chn
832;Temple and Cemetery of Confucius and the Kong Family Mansion in Qufu;1994;0;116,994561;35,613215;183;(i)(iv)(vi);Cultural;C;China;Asia and the Pacific;chn
833;Ancient Building Complex in the Wudang Mountains;1994;0;111;32,46667;0;(i)(ii)(vi);Cultural;C;China;Asia and the Pacific;chn
837;Historic Ensemble of the Potala Palace, Lhasa;1994;0;91,11717;29,65792;60,5;(i)(iv)(vi);Cultural;C;China;Asia and the Pacific;chn
921;Lushan National Park;1996;0;115,8666667;29,43333333;30200;(ii)(iii)(iv)(vi);Cultural;C;China;Asia and the Pacific;chn
922;Mount Emei Scenic Area, including Leshan Giant Buddha Scenic Area;1996;0;103,76925;29,5449;15400;(iv)(vi)(x);Mixed;C/N;China;Asia and the Pacific;chn
1934;Old Town of Lijiang;1997;0;100,23333;26,86667;145,6;(ii)(iv)(v);Cultural;C;China;Asia and the Pacific;chn
959;Ancient City of Ping Yao;1997;0;112,15444;37,20139;245,62;(ii)(iii)(iv);Cultural;C;China;Asia and the Pacific;chn
961;Classical Gardens of Suzhou;1997;0;120,45;31,31666667;11,922;(i)(ii)(iii)(iv)(v);Cultural;C;China;Asia and the Pacific;chn
1032;Summer Palace, an Imperial Garden in Beijing;1998;0;116,1411111;39,91055556;297;(i)(ii)(iii);Cultural;C;China;Asia and the Pacific;chn
1033;Temple of Heaven: an Imperial Sacrificial Altar in Beijing;1998;0;116,4447222;39,84555556;215;(i)(ii)(iii);Cultural;C;China;Asia and the Pacific;chn
2245;Mount Wuyi;1999;0;117,7252778;27,72638889;107044;(iii)(vi)(vii)(x);Mixed;C/N;China;Asia and the Pacific;chn
1065;Dazu Rock Carvings;1999;0;105,705;29,70111;20,41;(i)(ii)(iii);Cultural;C;China;Asia and the Pacific;chn
1167;Mount Qingcheng and the Dujiangyan Irrigation System;2000;0;103,60528;31,00167;0;(ii)(iv)(vi);Cultural;C;China;Asia and the Pacific;chn
1168;Ancient Villages in Southern Anhui – Xidi and Hongcun;2000;0;117,9875;29,90444444;52;(iii)(iv)(v);Cultural;C;China;Asia and the Pacific;chn
1169;Longmen Grottoes;2000;0;112,4666667;34,46666667;331;(i)(ii)(iii);Cultural;C;China;Asia and the Pacific;chn
1172;Imperial Tombs of the Ming and Qing Dynasties;2000;0;124,7938889;41,70722222;3434,9399;(i)(ii)(iii)(iv)(vi);Cultural;C;China;Asia and the Pacific;chn
1213;Yungang Grottoes;2001;0;113,12222;40,10972;348,75;(i)(ii)(iii)(iv);Cultural;C;China;Asia and the Pacific;chn
1731;Three Parallel Rivers of Yunnan Protected Areas;2003;0;98,40638889;27,895;;(vii)(viii)(ix)(x);Natural;N;China;Asia and the Pacific;chn
1289;Historic Centre of Macao;2005;0;113,5364611;22,19129194;16,1678;(ii)(iii)(iv)(vi);Cultural;C;China;Asia and the Pacific;chn
1877;Cultural Landscape of Honghe Hani Rice Terraces;2013;0;102,7799806;23,09327778;16603,22;(iii)(v);Cultural;C;China;Asia and the Pacific;chn
1459;Kaiping Diaolou and Villages;2007;0;112,5658611;22,28551944;371,948;(ii)(iii)(iv);Cultural;C;China;Asia and the Pacific;chn
1505;Fujian <em>Tulou</em>;2008;0;117,6858333;25,02305556;152,65;(iii)(iv)(v);Cultural;C;China;Asia and the Pacific;chn
1293;Yin Xu;2006;0;114,3138889;36,12666667;414;(ii)(iii)(iv)(vi);Cultural;C;China;Asia and the Pacific;chn
1315;Capital Cities and Tombs of the Ancient Koguryo Kingdom;2004;0;126,1872222;41,15694444;4164,8599;(i)(ii)(iii)(iv)(v);Cultural;C;China;Asia and the Pacific;chn
1390;Sichuan Giant Panda Sanctuaries - Wolong, Mt Siguniang and Jiajin Mountains;2006;0;103;30,83333333;924500;(x);Natural;N;China;Asia and the Pacific;chn
1965;South China Karst;2007;0;110,3544444;24,92333333;97125;(vii)(viii);Natural;N;China;Asia and the Pacific;chn
1587;Mount Wutai;2009;0;113,5633333;39,03055556;18415;(ii)(iii)(iv)(vi);Cultural;C;China;Asia and the Pacific;chn
1523;Mount Sanqingshan National Park;2008;0;118,0644444;28,91583333;22950;(vii);Natural;N;China;Asia and the Pacific;chn
1726;Historic Monuments of Dengfeng in “The Centre of Heaven and Earth”;2010;0;113,0677194;34,45874722;825;(iii)(vi);Cultural;C;China;Asia and the Pacific;chn
1765;West Lake Cultural Landscape of Hangzhou;2011;0;120,1408333;30,2375;3322,88;(ii)(iii)(vi);Cultural;C;China;Asia and the Pacific;chn
1676;China Danxia;2010;0;106,0425;28,42194444;82151;(vii)(viii);Natural;N;China;Asia and the Pacific;chn
1803;Chengjiang Fossil Site;2012;0;102,9772222;24,66888889;512;(viii);Natural;N;China;Asia and the Pacific;chn
1804;Site of Xanadu;2012;0;116,1851278;42,358;25131,27;(ii)(iii)(iv)(vi);Cultural;C;China;Asia and the Pacific;chn
1876;Xinjiang Tianshan;2013;0;80,35416667;41,96833333;606833;(vii)(ix);Natural;N;China;Asia and the Pacific;chn
2181;The Grand Canal;2014;0;112,4683333;34,69388889;20819,11;(i)(iii)(iv)(vi);Cultural;C;China;Asia and the Pacific;chn
2035;Tusi Sites;2015;0;109,9669444;28,99861111;781,28;(ii)(iii);Cultural;C;China;Asia and the Pacific;chn
2100;Zuojiang Huashan Rock Art Cultural Landscape;2016;0;107,0230556;22,25555556;6621,6;(iii)(vi);Cultural;C;China;Asia and the Pacific;chn
2404;Hubei Shennongjia;2016;0;110,2077778;31,46972222;79624;(ix)(x);Natural;N;China;Asia and the Pacific;chn
2141;Qinghai Hoh Xil;2017;0;92,43916667;35,38027778;3735632;(vii)(x);Natural;N;China;Asia and the Pacific;chn
2142;Kulangsu, a Historic International Settlement;2017;0;118,0619444;24,4475;316,2;(ii)(iv);Cultural;C;China;Asia and the Pacific;chn
2224;Fanjingshan;2018;0;108,68;27,89555556;40275;(x);Natural;N;China;Asia and the Pacific;chn
2375;Quanzhou: Emporium of the World in Song-Yuan China;2021;0;118,4441667;24,71027778;536,08;(iv);Cultural;C;China;Asia and the Pacific;chn
2277;Archaeological Ruins of Liangzhu City;2019;0;119,9908333;30,39555556;1433,66;(iii)(iv);Cultural;C;China;Asia and the Pacific;chn
2574;Migratory Bird Sanctuaries along the Coast of Yellow Sea-Bohai Gulf of China;2019;0;121,9993889;31,51291667;289710,94;(x);Natural;N;China;Asia and the Pacific;chn
2573;Badain Jaran Desert - Towers of Sand and Lakes;2024;0;102,2894444;39,88972222;726291,41;(vii)(viii);Natural;N;China;Asia and the Pacific;chn
2430;Cultural Landscape of Old Tea Forests of the Jingmai Mountain in Pu’er;2023;0;100,0075;22,18416667;7167,89;(iii)(v);Cultural;C;China;Asia and the Pacific;chn
2532;Beijing Central Axis: A Building Ensemble Exhibiting the Ideal Order of the Chinese Capital;2024;0;116,3913889;39,90722222;589;(iii)(iv);Cultural;C;China;Asia and the Pacific;chn
2589;Xixia Imperial Tombs;2025;0;105,9711111;38,41583333;3899;(ii)(iii);Cultural;C;China;Asia and the Pacific;chn
319;Port, Fortresses and Group of Monuments, Cartagena;1984;0;-75,53333333;10,41666667;0;(iv)(vi);Cultural;C;Colombia;Latin America and the Caribbean;col
841;Los Katíos National Park;1994;0;-77,146271;7,803975;72000;(ix)(x);Natural;N;Colombia;Latin America and the Caribbean;col
876;Historic Centre of Santa Cruz de Mompox;1995;0;-74,423084;9,240492;54,05;(iv)(v);Cultural;C;Colombia;Latin America and the Caribbean;col
877;National Archeological Park of Tierradentro;1995;0;-76,03333333;2,583333333;38,84;(iii);Cultural;C;Colombia;Latin America and the Caribbean;col
878;San Agustín Archaeological Park;1995;0;-76,23333333;1,916666667;0;(iii);Cultural;C;Colombia;Latin America and the Caribbean;col
1787;Coffee Cultural Landscape of Colombia;2011;0;-75,773082;4,889476;141120;(v)(vi);Cultural;C;Colombia;Latin America and the Caribbean;col
2213;Chiribiquete National Park – “The Maloca of the Jaguar”;2018;0;-72,79722222;0,525277778;2782354;(iii)(ix)(x);Mixed;C/N;Colombia;Latin America and the Caribbean;col
1393;Malpelo Fauna and Flora Sanctuary;2006;0;-81,607572;4,003344;857500;(vii)(ix);Natural;N;Colombia;Latin America and the Caribbean;col
2436;Forest Massif of Odzala-Kokoua;2023;0;14,86027778;1,335555556;1179376;(ix)(x);Natural;N;Congo;Africa;cog
969;Cocos Island National Park;1997;0;-87,06666667;5,533333333;199700;(ix)(x);Natural;N;Costa Rica;Latin America and the Caribbean;cri
1083;Area de Conservación Guanacaste;1999;0;-85,61666667;10,85;147000;(ix)(x);Natural;N;Costa Rica;Latin America and the Caribbean;cri
1997;Precolumbian Chiefdom Settlements with Stone Spheres of the Diquís;2014;0;-83,502539;8,938453;24,73;(iii);Cultural;C;Costa Rica;Latin America and the Caribbean;cri
2508;Taï National Park;1982;0;-7,095277778;5,648888889;508186;(vii)(x);Natural;N;Côte d'Ivoire;Africa;civ
2509;Comoé National Park;1983;0;-4;9;;(ix)(x);Natural;N;Côte d'Ivoire;Africa;civ
1919;Historic Town of Grand-Bassam;2012;0;-3,736388889;5,195833333;109,89;(iii)(iv);Cultural;C;Côte d'Ivoire;Africa;civ
2391;Sudanese style mosques in northern Côte d’Ivoire;2021;0;-6,410166667;10,49031667;0,1298;(ii)(iv);Cultural;C;Côte d'Ivoire;Africa;civ
2315;Old City of Dubrovnik;1979;0;18,10886111;42,64142111;96,7;(i)(iii)(iv);Cultural;C;Croatia;Europe and North America;hrv
105;Historical Complex of Split with the Palace of Diocletian;1979;0;16,43916667;43,50888889;20,8;(ii)(iii)(iv);Cultural;C;Croatia;Europe and North America;hrv
106;Plitvice Lakes National Park;1979;0;15,61444;44,87778;29630,77;(vii)(viii)(ix);Natural;N;Croatia;Europe and North America;hrv
956;Episcopal Complex of the Euphrasian Basilica in the Historic Centre of Poreč;1997;0;13,59333333;45,22858333;1,1;(ii)(iii)(iv);Cultural;C;Croatia;Europe and North America;hrv
957;Historic City of Trogir;1997;0;16,25136111;43,51708333;6,4;(ii)(iv);Cultural;C;Croatia;Europe and North America;hrv
1127;The Cathedral of St James in Šibenik;2000;0;15,89038;43,73629;0,1;(i)(ii)(iv);Cultural;C;Croatia;Europe and North America;hrv
1484;Stari Grad Plain;2008;0;16,63861111;43,18166667;1376,53;(ii)(iii)(v);Cultural;C;Croatia;Europe and North America;hrv
225;Old Havana and its Fortification System;1982;0;-82,35;23,13333333;238,7;(iv)(v);Cultural;C;Cuba;Latin America and the Caribbean;cub
535;Trinidad and the Valley de los Ingenios;1988;0;-79,98444444;21,80305556;0;(iv)(v);Cultural;C;Cuba;Latin America and the Caribbean;cub
989;Alejandro de Humboldt National Park;2001;0;-75;20,45;71140;(ix)(x);Natural;N;Cuba;Latin America and the Caribbean;cub
991;Viñales Valley;1999;0;-83,71667;22,61667;13200;(iv);Cultural;C;Cuba;Latin America and the Caribbean;cub
992;San Pedro de la Roca Castle, Santiago de Cuba;1997;0;-75,870441;19,968446;93,88;(iv)(v);Cultural;C;Cuba;Latin America and the Caribbean;cub
1041;Desembarco del Granma National Park;1999;0;-77,63333;19,88333;32576;(vii)(viii);Natural;N;Cuba;Latin America and the Caribbean;cub
1178;Archaeological Landscape of the First Coffee Plantations in the South-East of Cuba;2000;0;-75,39138889;20,03;81475;(iii)(iv);Cultural;C;Cuba;Latin America and the Caribbean;cub
1379;Urban Historic Centre of Cienfuegos;2005;0;-80,452183;22,145887;70;(ii)(iv);Cultural;C;Cuba;Latin America and the Caribbean;cub
1482;Historic Centre of Camagüey;2008;0;-77,91861111;21,37861111;54;(iv)(v);Cultural;C;Cuba;Latin America and the Caribbean;cub
85;Paphos;1980;0;32,40556;34,75833;162,0171;(iii)(vi);Cultural;C;Cyprus;Europe and North America;cyp
401;Painted Churches in the Troodos Region;1985;0;33,09583333;34,92027778;3,693;(ii)(iii)(iv);Cultural;C;Cyprus;Europe and North America;cyp
1927;Choirokoitia;1998;0;33,34394315;34,79674067;6,2;(ii)(iii)(iv);Cultural;C;Cyprus;Europe and North America;cyp
1928;Historic Centre of Prague;1992;0;14,41944;50,08972;1106,36;(ii)(iv)(vi);Cultural;C;Czechia;Europe and North America;cze
732;Historic Centre of Český Krumlov;1992;0;14,31502778;48,81069444;51,91;(iv);Cultural;C;Czechia;Europe and North America;cze
738;Historic Centre of Telč;1992;0;15,45397222;49,18413889;36;(i)(iv);Cultural;C;Czechia;Europe and North America;cze
816;Pilgrimage Church of St John of Nepomuk at Zelená Hora;1994;0;15,94205833;49,5802;0,64;(iv);Cultural;C;Czechia;Europe and North America;cze
865;Kutná Hora: Historical Town Centre with the Church of St Barbara and the Cathedral of Our Lady at Sedlec;1995;0;15,26666667;49,95;62,437;(ii)(iv);Cultural;C;Czechia;Europe and North America;cze
899;Lednice-Valtice Cultural Landscape;1996;0;16,775;48,77583;14320;(i)(ii)(iv);Cultural;C;Czechia;Europe and North America;cze
1010;Holy Trinity Column in Olomouc;2000;0;17,25045833;49,59393611;0,05;(i)(iv);Cultural;C;Czechia;Europe and North America;cze
1011;Gardens and Castle at Kroměříž;1998;0;17,37722222;49,3;74,5;(ii)(iv);Cultural;C;Czechia;Europe and North America;cze
1012;Holašovice Historic Village;1998;0;14,27261111;48,96963889;11,4;(ii)(iv);Cultural;C;Czechia;Europe and North America;cze
1054;Litomyšl Castle;1999;0;16,31444;49,87361;4,25;(ii)(iv);Cultural;C;Czechia;Europe and North America;cze
1226;Tugendhat Villa in Brno;2001;0;16,61605556;49,20718333;0,73;(ii)(iv);Cultural;C;Czechia;Europe and North America;cze
2258;Jewish Quarter and St Procopius' Basilica in Třebíč;2003;0;15,87888889;49,21722222;6,55;(ii)(iii);Cultural;C;Czechia;Europe and North America;cze
2453;Žatec and the Landscape of Saaz Hops;2023;0;13,62;50,32027778;592,13;(iii)(iv)(v);Cultural;C;Czechia;Europe and North America;cze
2455;Landscape for Breeding and Training of Ceremonial Carriage Horses at Kladruby nad Labem;2019;0;15,48425833;50,05665;1310;(iv)(v);Cultural;C;Czechia;Europe and North America;cze
1269;Complex of Koguryo Tombs;2004;0;125,415;38,86305556;234,73;(i)(ii)(iii)(iv);Cultural;C;Democratic People's Republic of Korea;Asia and the Pacific;prk
1878;Historic Monuments and Sites in Kaesong;2013;0;126,5080556;37,98166667;494,2;(ii)(iii);Cultural;C;Democratic People's Republic of Korea;Asia and the Pacific;prk
2629;Mount Kumgang – Diamond Mountain from the Sea;2025;0;128,1375;38,66027778;19827,86;(iii)(vii);Mixed;C/N;Democratic People's Republic of Korea;Asia and the Pacific;prk
67;Virunga National Park;1979;1;29,16666667;0,916666667;800000;(vii)(viii)(x);Natural;N;Democratic Republic of the Congo;Africa;cod
149;Garamba National Park;1980;1;29,25;4;500000;(vii)(x);Natural;N;Democratic Republic of the Congo;Africa;cod
150;Kahuzi-Biega National Park;1980;1;28,180743;-2,334053;600000;(x);Natural;N;Democratic Republic of the Congo;Africa;cod
314;Salonga National Park;1984;0;21;-2;3600000;(vii)(ix);Natural;N;Democratic Republic of the Congo;Africa;cod
849;Okapi Wildlife Reserve;1996;1;28,5;2;1372625;(x);Natural;N;Democratic Republic of the Congo;Africa;cod
822;Roskilde Cathedral;1995;0;12,07989985;55,64266541;0,4;(ii)(iv);Cultural;C;Denmark;Europe and North America;dnk
824;Kronborg Castle;2000;0;12,62083333;56,03889;0;(iv);Cultural;C;Denmark;Europe and North America;dnk
2316;Jelling Mounds, Runic Stones and Church;1994;0;9,42;55,75638889;12,7;(iii);Cultural;C;Denmark;Europe and North America;dnk
2354;Ilulissat Icefjord;2004;0;-49,5;69,13333333;399800;(vii)(viii);Natural;N;Denmark;Europe and North America;dnk
1973;Stevns Klint;2014;0;12,42333333;55,26722222;50;(viii);Natural;N;Denmark;Europe and North America;dnk
2030;The par force hunting landscape in North Zealand;2015;0;12,35777778;55,91361111;4543;(ii)(iv);Cultural;C;Denmark;Europe and North America;dnk
2154;Kujataa Greenland: Norse and Inuit Farming at the Edge of the Ice Cap;2017;0;-45,59805556;61,16444444;34,892;(v);Cultural;C;Denmark;Europe and North America;dnk
2221;Aasivissuit – Nipisat. Inuit Hunting Ground between Ice and Sea;2018;0;-51,43320556;67,06393056;417800;(v);Cultural;C;Denmark;Europe and North America;dnk
2425;Viking-Age Ring Fortresses;2023;0;9,254722222;56,99527778;51;(iii)(iv);Cultural;C;Denmark;Europe and North America;dnk
2581;Møns Klint;2025;0;12,55027778;54,96777778;4123;(viii);Natural;N;Denmark;Europe and North America;dnk
962;Morne Trois Pitons National Park;1997;0;-61,30661;15,331113;6857;(viii)(x);Natural;N;Dominica;Latin America and the Caribbean;dma
2624;Colonial City of Santo Domingo;1990;0;-69,885841;18,472394;106;(ii)(iv)(vi);Cultural;C;Dominican Republic;Latin America and the Caribbean;dom
4;Galápagos Islands;1978;0;-90,501319;-0,68986;14066514;(vii)(viii)(ix)(x);Natural;N;Ecuador;Latin America and the Caribbean;ecu
5;City of Quito;1978;0;-78,51208333;-0,22;70,43;(ii)(iv);Cultural;C;Ecuador;Latin America and the Caribbean;ecu
290;Sangay National Park;1983;0;-78,33333;-1,83333;271925;(vii)(viii)(ix)(x);Natural;N;Ecuador;Latin America and the Caribbean;ecu
1014;Historic Centre of Santa Ana de los Ríos de Cuenca;1999;0;-79,004382;-2,897447;224,14;(ii)(iv)(v);Cultural;C;Ecuador;Latin America and the Caribbean;ecu
92;Memphis and its Necropolis – the Pyramid Fields from Giza to Dahshur;1979;0;31,13041;29,97604;16358,52;(i)(iii)(vi);Cultural;C;Egypt;Arab States;egy
93;Ancient Thebes with its Necropolis;1979;0;32,6;25,73333;7390,16;(i)(iii)(vi);Cultural;C;Egypt;Arab States;egy
94;Nubian Monuments from Abu Simbel to Philae;1979;0;31,62580556;22,33722222;374,48;(i)(iii)(vi);Cultural;C;Egypt;Arab States;egy
95;Historic Cairo;1979;0;31,26111;30,05;523,66;(i)(v)(vi);Cultural;C;Egypt;Arab States;egy
96;Abu Mena;1979;0;29,66666667;30,83583333;182,72;(iv);Cultural;C;Egypt;Arab States;egy
1116;Saint Catherine Area;2002;0;33,97543;28,55623;60100;(i)(iii)(iv)(vi);Cultural;C;Egypt;Arab States;egy
1363;Wadi Al-Hitan (Whale Valley);2005;0;30,18333;29,33333;20015;(viii);Natural;N;Egypt;Arab States;egy
799;Joya de Cerén Archaeological Site;1993;0;-89,36916667;13,8275;3200;(iii)(iv);Cultural;C;El Salvador;Latin America and the Caribbean;slv
2131;Asmara: A Modernist African City;2017;0;38,93583333;15,33527778;481;(ii)(iv);Cultural;C;Eritrea;Africa;eri
1626;Historic Centre (Old Town) of Tallinn;1997;0;24,74;59,437;113;(ii)(iv);Cultural;C;Estonia;Europe and North America;est
12;Simien National Park;1978;0;38,06666667;13,18333333;13600;(vii)(x);Natural;N;Ethiopia;Africa;eth
13;Lower Valley of the Awash;1980;0;40,57939;11,10006;0;(ii)(iii)(iv);Cultural;C;Ethiopia;Africa;eth
15;Tiya;1980;0;38,6121;8,43491;0;(i)(iv);Cultural;C;Ethiopia;Africa;eth
2543;Melka Kunture and Balchit: Archaeological and Palaeontological Sites in the Highland Area of Ethiopia;2024;0;38,59908333;8,703472222;;(iii)(iv)(v);Cultural;C;Ethiopia;Africa;eth
18;Aksum;1980;0;38,71861;14,13019;0;(i)(iv);Cultural;C;Ethiopia;Africa;eth
20;Lower Valley of the Omo;1980;0;35,96666667;4,8;0;(iii)(iv);Cultural;C;Ethiopia;Africa;eth
21;Rock-Hewn Churches, Lalibela;1978;0;39,04042;12,02935;0;(i)(ii)(iii);Cultural;C;Ethiopia;Africa;eth
22;Fasil Ghebbi, Gondar Region;1979;0;37,4697;12,607909;0;(ii)(iii);Cultural;C;Ethiopia;Africa;eth
2449;Bale Mountains National Park;2023;0;39,74888889;6,797777778;215000;(vii)(x);Natural;N;Ethiopia;Africa;eth
1452;Harar Jugol, the Fortified Historic Town;2006;0;42,13777778;9,308888889;48;(ii)(iii)(iv)(v);Cultural;C;Ethiopia;Africa;eth
1846;Konso Cultural Landscape;2011;0;37,4;5,3;23000;(iii)(v);Cultural;C;Ethiopia;Africa;eth
2419;The Gedeo Cultural Landscape;2023;0;38,28777778;6,248888889;29620;(iii)(v);Cultural;C;Ethiopia;Africa;eth
1886;Levuka Historical Port Town;2013;0;178,8345333;-17,68337778;69,6;(ii)(iv);Cultural;C;Fiji;Asia and the Pacific;fji
686;Bronze Age Burial Site of Sammallahdenmäki;1999;0;21,7775;61,12056;0;(iii)(iv);Cultural;C;Finland;Europe and North America;fin
1718;Old Rauma;1991;0;21,51167;61,12806;29;(iv)(v);Cultural;C;Finland;Europe and North America;fin
690;Fortress of Suomenlinna;1991;0;24,98722;60,14722;210;(iv);Cultural;C;Finland;Europe and North America;fin
691;Petäjävesi Old Church;1994;0;25,18333;62,25;2,98;(iv);Cultural;C;Finland;Europe and North America;fin
885;Verla Groundwood and Board Mill;1996;0;26,64083;61,06194;22,778;(iv);Cultural;C;Finland;Europe and North America;fin
2317;Mont-Saint-Michel and its Bay;1979;0;-1,51056;48,63556;6560;(i)(iii)(vi);Cultural;C;France;Europe and North America;fra
1719;Chartres Cathedral;1979;0;1,487222222;48,4475;1,06;(i)(ii)(iv);Cultural;C;France;Europe and North America;fra
1571;Palace and Park of Versailles;1979;0;2,119444444;48,805;1070;(i)(ii)(vi);Cultural;C;France;Europe and North America;fra
1572;Vézelay, Church and Hill;1979;0;3,748333333;47,46638889;183;(i)(vi);Cultural;C;France;Europe and North America;fra
2569;Prehistoric Sites and Decorated Caves of the Vézère Valley;1979;0;1,17;45,0575;105,733;(i)(iii);Cultural;C;France;Europe and North America;fra
178;Palace and Park of Fontainebleau;1981;0;2,698055556;48,40194444;144;(ii)(vi);Cultural;C;France;Europe and North America;fra
1951;Amiens Cathedral;1981;0;2,301666667;49,895;1,54;(i)(ii);Cultural;C;France;Europe and North America;fra
1568;"Roman Theatre and its Surroundings and the ""Triumphal Arch"" of Orange";1981;0;4,808416667;44,13572222;9,45;(iii)(vi);Cultural;C;France;Europe and North America;fra
182;Arles, Roman and Romanesque Monuments;1981;0;4,630694444;43,67763889;65;(ii)(iv);Cultural;C;France;Europe and North America;fra
1565;Cistercian Abbey of Fontenay;1981;0;4,38911;47,63944;5,77;(iv);Cultural;C;France;Europe and North America;fra
1637;From the Great Saltworks of Salins-les-Bains to the Royal Saltworks of Arc-et-Senans, the Production of Open-pan Salt;1982;0;5,876388889;46,9375;10,48;(i)(ii)(iv);Cultural;C;France;Europe and North America;fra
254;Historic Centre of Avignon: Papal Palace, Episcopal Ensemble and Avignon Bridge;1995;0;4,806111111;43,95277778;8,2;(i)(ii)(iv);Cultural;C;France;Europe and North America;fra
2186;Place Stanislas, Place de la Carrière and Place d'Alliance in Nancy;1983;0;6,183333333;48,69361111;7;(i)(iv);Cultural;C;France;Europe and North America;fra
2619;Abbey Church of Saint-Savin sur Gartempe;1983;0;0,86611;46,56472;1,61;(i)(iii);Cultural;C;France;Europe and North America;fra
288;Gulf of Porto: Calanche of Piana, Gulf of Girolata, Scandola Reserve;1983;0;8,628833333;42,32519444;11800;(vii)(viii)(x);Natural;N;France;Europe and North America;fra
1566;Pont du Gard (Roman Aqueduct);1985;0;4,535277778;43,94722222;0,3257;(i)(iii)(iv);Cultural;C;France;Europe and North America;fra
393;Historic Fortified City of Carcassonne;1997;0;2,3636562;43,2070631;11;(ii)(iv);Cultural;C;France;Europe and North America;fra
2156;Strasbourg, Grande-Île and <em>Neustadt</em>;1988;0;7,748888889;48,58444444;183;(ii)(iv);Cultural;C;France;Europe and North America;fra
2620;Paris, Banks of the Seine;1991;0;2,321138889;48,8655;538;(i)(ii)(iv);Cultural;C;France;Europe and North America;fra
711;Cathedral of Notre-Dame, Former Abbey of Saint-Rémi and Palace of Tau, Reims;1991;0;4,032777778;49,25333333;4,16;(i)(ii)(vi);Cultural;C;France;Europe and North America;fra
1952;Bourges Cathedral;1992;0;2,398333333;47,08222222;0,85;(i)(iv);Cultural;C;France;Europe and North America;fra
910;Canal du Midi;1996;0;1,416388889;43,61138889;2007;(i)(ii)(iv)(vi);Cultural;C;France;Europe and North America;fra
1019;Routes of Santiago de Compostela in France;1998;0;0,722944444;45,18405556;97,21;(ii)(iv)(vi);Cultural;C;France;Europe and North America;fra
1023;Historic Site of Lyon;1998;0;4,83333;45,76722;427;(ii)(iv);Cultural;C;France;Europe and North America;fra
1025;Provins, Town of Medieval Fairs;2001;0;3,298888889;48,55972222;108;(ii)(iv);Cultural;C;France;Europe and North America;fra
1088;Jurisdiction of Saint-Emilion;1999;0;-0,155277778;44,89472222;7847;(iii)(iv);Cultural;C;France;Europe and North America;fra
2250;The Loire Valley between Sully-sur-Loire and Chalonnes;2000;0;0,70278;47,39889;86021;(i)(ii)(iv);Cultural;C;France;Europe and North America;fra
1531;Lagoons of New Caledonia: Reef Diversity and Associated Ecosystems;2008;0;164,5663889;-20,41194444;1574300;(vii)(ix)(x);Natural;N;France;Europe and North America;fra
1848;The Causses and the Cévennes, Mediterranean agro-pastoral Cultural Landscape;2011;0;3,473055556;44,22027778;302319;(iii)(v);Cultural;C;France;Europe and North America;fra
1358;Le Havre, the City Rebuilt by Auguste Perret;2005;0;0,1075;49,49278;133;(ii)(iv);Cultural;C;France;Europe and North America;fra
1433;Bordeaux, Port of the Moon;2007;0;-0,572222222;44,83888889;1731;(ii)(iv);Cultural;C;France;Europe and North America;fra
1514;Fortifications of Vauban;2008;0;6,026944444;47,23611111;1153,16;(i)(ii)(iv);Cultural;C;France;Europe and North America;fra
1604;Pitons, cirques and remparts of Reunion Island;2010;0;55,48;-21,09944444;105838;(vii)(x);Natural;N;France;Europe and North America;fra
1663;Episcopal City of Albi;2010;0;2,144166667;43,92916667;19,47;(iv)(v);Cultural;C;France;Europe and North America;fra
1776;Nord-Pas de Calais Mining Basin;2012;0;3,546111111;50,4625;3943;(ii)(iv)(vi);Cultural;C;France;Europe and North America;fra
2016;The Climats, terroirs of Burgundy;2015;0;4,864444444;47,05805556;13219;(iii)(v);Cultural;C;France;Europe and North America;fra
1974;Decorated Cave of Pont d’Arc, known as Grotte Chauvet-Pont d’Arc, Ardèche;2014;0;4,416111111;44,3875;9;(i)(iii);Cultural;C;France;Europe and North America;fra
2257;Chaîne des Puys - Limagne fault tectonic arena;2018;0;2,965111111;45,77938889;24223;(viii);Natural;N;France;Europe and North America;fra
2026;Champagne Hillsides, Houses and Cellars;2015;0;3,946111111;49,0775;1101,72;(iii)(iv)(vi);Cultural;C;France;Europe and North America;fra
2155;Taputapuātea;2017;0;-151,3723778;-16,8414;2124;(iii)(iv)(vi);Cultural;C;France;Europe and North America;fra
2473;The Maison Carrée of Nîmes;2023;0;4,356194444;43,83822222;0,0474;(iv);Cultural;C;France;Europe and North America;fra
2570;French Austral Lands and Seas;2019;0;69,35280556;-49,38036111;166267100;(vii)(ix)(x);Natural;N;France;Europe and North America;fra
2349;Cordouan Lighthouse;2021;0;-1,173333333;45,58630556;23582;(i)(iv);Cultural;C;France;Europe and North America;fra
2373;Nice, Winter Resort Town of the Riviera;2021;0;7,272305556;43,70169444;522;(ii);Cultural;C;France;Europe and North America;fra
2422;Volcanoes and Forests of Mount Pelée and the Pitons of Northern Martinique;2023;0;-61,17586111;14,82330278;13980;(viii)(x);Natural;N;France;Europe and North America;fra
2525;Te Henua Enata – The Marquesas Islands;2024;0;-140,6460475;-7,969894444;345749;(iii)(vi)(vii)(ix)(x);Mixed;C/N;France;Europe and North America;fra
2578;Megaliths of Carnac and of the shores of Morbihan;2025;0;-3,087222222;47,61611111;19598;(i)(iv);Cultural;C;France;Europe and North America;fra
1547;Ecosystem and Relict Cultural Landscape of Lopé-Okanda;2007;0;11,5;-0,5;511991;(iii)(iv)(ix)(x);Mixed;C/N;Gabon;Africa;gab
2397;Ivindo National Park;2021;0;12,648;0,113;298758;(ix)(x);Natural;N;Gabon;Africa;gab
897;Kunta Kinteh Island and Related Sites;2003;0;-16,35719444;13,31616667;7,5981;(iii)(vi);Cultural;C;Gambia;Africa;gmb
2251;Historical Monuments of Mtskheta;1994;0;44,72102778;41,84227778;3,85;(iii)(iv);Cultural;C;Georgia;Europe and North America;geo
839;Upper Svaneti;1996;0;43,009;42,914;1,06;(iv)(v);Cultural;C;Georgia;Europe and North America;geo
2243;Gelati Monastery;1994;0;42,76833333;42,29472222;4,2;(iv);Cultural;C;Georgia;Europe and North America;geo
2567;Colchic Rainforests and Wetlands;2021;0;41,9512;41,70227778;31253;(ix)(x);Natural;N;Georgia;Europe and North America;geo
1953;Aachen Cathedral;1978;0;6,083919968;50,77474685;0,2;(i)(ii)(iv)(vi);Cultural;C;Germany;Europe and North America;deu
186;Speyer Cathedral;1981;0;8,442388889;49,31722222;0,558;(ii);Cultural;C;Germany;Europe and North America;deu
1735;Würzburg Residence with the Court Gardens and Residence Square;1981;0;9,93889;49,79278;14,77;(i)(iv);Cultural;C;Germany;Europe and North America;deu
1627;St Mary's Cathedral and St Michael's Church at Hildesheim;1985;0;9,94389;52,15278;0,58;(i)(ii)(iii);Cultural;C;Germany;Europe and North America;deu
1864;Pilgrimage Church of Wies;1983;0;10,90013889;47,68127778;0,1;(i)(iii);Cultural;C;Germany;Europe and North America;deu
1706;Hanseatic City of Lübeck;1987;0;10,69167;53,86667;81,1;(iv);Cultural;C;Germany;Europe and North America;deu
2622;Castles of Augustusburg and Falkenlust at Brühl;1984;0;6,909777778;50,82502778;89;(ii)(iv);Cultural;C;Germany;Europe and North America;deu
1628;Cologne Cathedral;1996;0;6,957222222;50,94111111;;(i)(ii)(iv);Cultural;C;Germany;Europe and North America;deu
420;Roman Monuments, Cathedral of St Peter and Church of Our Lady in Trier;1986;0;6,633333333;49,75;7,3;(i)(iii)(iv)(vi);Cultural;C;Germany;Europe and North America;deu
1865;Abbey and Altenmünster of Lorsch;1991;0;8,56858;49,65369;3,34;(iii)(iv);Cultural;C;Germany;Europe and North America;deu
624;Palaces and Parks of Potsdam and Berlin;1990;0;13,03333333;52,4;2064;(i)(ii)(iv);Cultural;C;Germany;Europe and North America;deu
2356;Garden Kingdom of Dessau-Wörlitz;2000;0;12,42083;51,8425;11891;(ii)(iv);Cultural;C;Germany;Europe and North America;deu
629;Collegiate Church, Castle and Old Town of Quedlinburg;1994;0;11,15;51,78333;90;(iv);Cultural;C;Germany;Europe and North America;deu
2357;Maulbronn Monastery Complex;1993;0;8,81306;49,00083;72,45;(ii)(iv);Cultural;C;Germany;Europe and North America;deu
1576;Mines of Rammelsberg, Historic Town of Goslar and Upper Harz Water Management System;1992;0;10,34;51,82;1009,89;(i)(ii)(iii)(iv);Cultural;C;Germany;Europe and North America;deu
742;Town of Bamberg;1993;0;10,88888889;49,89166667;142;(ii)(iv);Cultural;C;Germany;Europe and North America;deu
813;Völklingen Ironworks;1994;0;6,844222222;49,24872222;7,46;(ii)(iv);Cultural;C;Germany;Europe and North America;deu
1733;Messel Pit Fossil Site;1995;0;8,757;49,918;42;(viii);Natural;N;Germany;Europe and North America;deu
2158;Bauhaus and its Sites in Weimar, Dessau and Bernau;1996;0;11,3295;50,97477778;8,1614;(ii)(iv)(vi);Cultural;C;Germany;Europe and North America;deu
926;Luther Memorials in Eisleben and Wittenberg;1996;0;12,65278;51,86472;0,83;(iv)(vi);Cultural;C;Germany;Europe and North America;deu
997;Classical Weimar;1998;0;11,32861;50,9775;0;(iii)(vi);Cultural;C;Germany;Europe and North America;deu
1047;Museumsinsel (Museum Island), Berlin;1999;0;13,39861111;52,51972222;8,6;(ii)(iv);Cultural;C;Germany;Europe and North America;deu
1048;Wartburg Castle;1999;0;10,307;50,96677778;0;(iii)(vi);Cultural;C;Germany;Europe and North America;deu
1138;Monastic Island of Reichenau;2000;0;9,061305556;47,69872222;0;(iii)(iv)(vi);Cultural;C;Germany;Europe and North America;deu
1139;Zollverein Coal Mine Industrial Complex in Essen;2001;0;7,046111111;51,49138889;0;(ii)(iii);Cultural;C;Germany;Europe and North America;deu
1243;Upper Middle Rhine Valley;2002;0;7,694166667;50,17361111;27250;(ii)(iv)(v);Cultural;C;Germany;Europe and North America;deu
1244;Historic Centres of Stralsund and Wismar;2002;0;13,08527778;54,3025;168;(ii)(iv);Cultural;C;Germany;Europe and North America;deu
1265;Town Hall and Roland on the Marketplace of Bremen;2004;0;8,807472222;53,07597222;0,287;(iii)(iv)(vi);Cultural;C;Germany;Europe and North America;deu
1335;Old town of Regensburg with Stadtamhof;2006;0;12,09916667;49,02055556;182,8;(ii)(iii)(iv);Cultural;C;Germany;Europe and North America;deu
1416;Berlin Modernism Housing Estates;2008;0;13,45;52,44833333;88,1;(ii)(iv);Cultural;C;Germany;Europe and North America;deu
1778;Fagus Factory in Alfeld;2011;0;9,812222222;51,98388889;1,88;(ii)(iv);Cultural;C;Germany;Europe and North America;deu
1799;Margravial Opera House Bayreuth;2012;0;11,57849794;49,94439311;0,19;(i)(iv);Cultural;C;Germany;Europe and North America;deu
1875;Bergpark Wilhelmshöhe;2013;0;9,393055556;51,31583333;558,7;(iii)(iv);Cultural;C;Germany;Europe and North America;deu
1990;Carolingian Westwork and Civitas Corvey;2014;0;9,41025;51,77827778;12;(ii)(iii)(iv);Cultural;C;Germany;Europe and North America;deu
2028;Speicherstadt and Kontorhaus District with Chilehaus;2015;0;9,999444444;53,54555556;26,08;(iv);Cultural;C;Germany;Europe and North America;deu
2288;Naumburg Cathedral;2018;0;11,804;51,15480556;1,82;(i)(ii);Cultural;C;Germany;Europe and North America;deu
2157;Caves and Ice Age Art in the Swabian Jura;2017;0;9,765555556;48,38777778;462,1;(iii);Cultural;C;Germany;Europe and North America;deu
2206;Archaeological Border complex of Hedeby and the Danevirke;2018;0;9,454111111;54,46194444;227,55;(iii)(iv);Cultural;C;Germany;Europe and North America;deu
2266;Water Management System of Augsburg;2019;0;10,902;48,36547222;112,83;(ii)(iv);Cultural;C;Germany;Europe and North America;deu
2326;Mathildenhöhe Darmstadt;2021;0;8,6675;49,87638889;5,37;(ii)(iv);Cultural;C;Germany;Europe and North America;deu
2374;ShUM Sites of Speyer, Worms and Mainz;2021;0;8,439538889;49,31621111;5,56;(ii)(iii)(vi);Cultural;C;Germany;Europe and North America;deu
2418;Jewish-Medieval Heritage of Erfurt;2023;0;11,02923333;50,97866389;;(iv);Cultural;C;Germany;Europe and North America;deu
2523;Schwerin Residence Ensemble;2024;0;11,41888889;53,62416667;2275,77;(iv);Cultural;C;Germany;Europe and North America;deu
2579;The Palaces of King Ludwig II of Bavaria: Neuschwanstein, Linderhof, Schachen and Herrenchiemsee;2025;0;10,74944444;47,5575;75,875;(iv);Cultural;C;Germany;Europe and North America;deu
38;Forts and Castles, Volta, Greater Accra, Central and Western Regions;1979;0;-0,49361;5,39103;0;(vi);Cultural;C;Ghana;Africa;gha
39;Asante Traditional Buildings;1980;0;-1,625833333;6,401111111;0;(v);Cultural;C;Ghana;Africa;gha
452;Temple of Apollo Epicurius at Bassae;1986;0;21,89694;37,43498;20,46;(i)(ii)(iii);Cultural;C;Greece;Europe and North America;grc
453;Archaeological Site of Delphi;1987;0;22,49617;38,48149;51,04;(i)(ii)(iii)(iv)(vi);Cultural;C;Greece;Europe and North America;grc
467;Acropolis, Athens;1987;0;23,72618;37,97087;3,04;(i)(ii)(iii)(iv)(vi);Cultural;C;Greece;Europe and North America;grc
526;Mount Athos;1988;0;24,21667;40,26667;33042,3;(i)(ii)(iv)(v)(vi)(vii);Mixed;C/N;Greece;Europe and North America;grc
527;Meteora;1988;0;21,63333;39,71667;271,87;(i)(ii)(iv)(v)(vii);Mixed;C/N;Greece;Europe and North America;grc
528;Paleochristian and Byzantine Monuments of Thessalonika;1988;0;22,965;40,63833;5,327;(i)(ii)(iv);Cultural;C;Greece;Europe and North America;grc
571;Sanctuary of Asklepios at Epidaurus;1988;0;23,08055556;37,6;1393,8;(i)(ii)(iii)(iv)(vi);Cultural;C;Greece;Europe and North America;grc
574;Medieval City of Rhodes;1988;0;28,22778;36,44722;65,85;(ii)(iv)(v);Cultural;C;Greece;Europe and North America;grc
595;Archaeological Site of Mystras;1989;0;22,36667;37,08056;54,43;(ii)(iii)(iv);Cultural;C;Greece;Europe and North America;grc
603;Archaeological Site of Olympia;1989;0;21,634;37,64;105,6;(i)(ii)(iii)(iv)(vi);Cultural;C;Greece;Europe and North America;grc
620;Delos;1990;0;25,26667;37,4;350,64;(ii)(iii)(iv)(vi);Cultural;C;Greece;Europe and North America;grc
632;Monasteries of Daphni, Hosios Loukas and Nea Moni of Chios;1990;0;22,74666667;38,39527778;3,7;(i)(iv);Cultural;C;Greece;Europe and North America;grc
703;Pythagoreion and Heraion of Samos;1992;0;26,94333;37,69083;668,35;(ii)(iii);Cultural;C;Greece;Europe and North America;grc
923;Archaeological Site of Aigai (modern name Vergina);1996;0;22,31833;40,47139;1420,81;(i)(iii);Cultural;C;Greece;Europe and North America;grc
1097;Archaeological Sites of Mycenae and Tiryns;1999;0;22,75;37,73333333;0;(i)(ii)(iii)(iv)(vi);Cultural;C;Greece;Europe and North America;grc
1098;The Historic Centre (Chorá) with the Monastery of Saint-John the Theologian and the Cave of the Apocalypse on the Island of Pátmos;1999;0;26,55;37,3;0;(iii)(iv)(vi);Cultural;C;Greece;Europe and North America;grc
1477;Old Town of Corfu;2007;0;19,9275;39,62394139;70;(iv);Cultural;C;Greece;Europe and North America;grc
2109;Archaeological Site of Philippi;2016;0;24,28527778;41,01472222;87,545;(iii)(iv);Cultural;C;Greece;Europe and North America;grc
2483;Zagori Cultural Landscape;2023;0;20,81972222;39,90527778;;(v);Cultural;C;Greece;Europe and North America;grc
2586;Minoan Palatial Centres;2025;0;24,88722222;35,24861111;29,512;(ii)(iii)(iv)(vi);Cultural;C;Greece;Europe and North America;grc
68;Tikal National Park;1979;0;-89,61666667;17,21666667;57600;(i)(iii)(iv)(ix)(x);Mixed;C/N;Guatemala;Latin America and the Caribbean;gtm
69;Antigua Guatemala;1979;0;-90,73381;14,556504;0;(ii)(iii)(iv);Cultural;C;Guatemala;Latin America and the Caribbean;gtm
167;Archaeological Park and Ruins of Quirigua;1981;0;-89,04025;15,27059;34;(i)(ii)(iv);Cultural;C;Guatemala;Latin America and the Caribbean;gtm
2428;National Archaeological Park Tak’alik Ab’aj;2023;0;-91,7325;14,63861111;15,38;(ii)(iii);Cultural;C;Guatemala;Latin America and the Caribbean;gtm
2601;Coastal and Marine Ecosystems of the Bijagós Archipelago – Omatí Minhô;2025;0;-15,94888889;11,12;394067,28;(ix)(x);Natural;N;Guinea-Bissau;Africa;gnb
199;National History Park – Citadel, Sans Souci, Ramiers;1982;0;-72,234268;19,573025;25285,59;(iv)(vi);Cultural;C;Haiti;Latin America and the Caribbean;hti
320;Vatican City;1984;0;12,45736;41,90216;44;(i)(ii)(iv)(vi);Cultural;C;Holy See;Europe and North America;vat
2414;Maya Site of Copan;1980;0;-89,13333;14,85;15,095;(iv)(vi);Cultural;C;Honduras;Latin America and the Caribbean;hnd
217;Río Plátano Biosphere Reserve;1982;1;-84,675;15,74444444;350000;(vii)(viii)(ix)(x);Natural;N;Honduras;Latin America and the Caribbean;hnd
462;Budapest, including the Banks of the Danube, the Buda Castle Quarter and Andrássy Avenue;1987;0;19,07067;47,48242;473,3;(ii)(iv);Cultural;C;Hungary;Europe and North America;hun
464;Old Village of Hollókő and its Surroundings;1987;0;19,52917;47,99444;144,5;(v);Cultural;C;Hungary;Europe and North America;hun
552;Hortobágy National Park - the <i>Puszta</i>;1999;0;21,15678;47,59458;74820;(iv)(v);Cultural;C;Hungary;Europe and North America;hun
893;Millenary Benedictine Abbey of Pannonhalma and its Natural Environment;1996;0;17,78444;47,55889;47,4;(iv)(vi);Cultural;C;Hungary;Europe and North America;hun
1004;Early Christian Necropolis of Pécs (Sopianae);2000;0;18,22778;46,07444;3,76;(iii)(iv);Cultural;C;Hungary;Europe and North America;hun
1240;Tokaj Wine Region Historic Cultural Landscape;2002;0;21,35;48,15;13255;(iii)(v);Cultural;C;Hungary;Europe and North America;hun
1333;Þingvellir National Park;2004;0;-21,03725;64,25380556;9270;(iii)(vi);Cultural;C;Iceland;Europe and North America;isl
1532;Surtsey;2008;0;-20,60222222;63,30305556;3370;(ix);Natural;N;Iceland;Europe and North America;isl
2301;Vatnajökull National Park - Dynamic Nature of Fire and Ice;2019;0;-16,88154044;64,577363;1482000;(viii);Natural;N;Iceland;Europe and North America;isl
1460;Red Fort Complex;2007;0;77,24083333;28,65555556;49,1815;(ii)(iii)(vi);Cultural;C;India;Asia and the Pacific;ind
2182;Humayun's Tomb, Delhi;1993;0;77,25056;28,59333;27,04;(ii)(iv);Cultural;C;India;Asia and the Pacific;ind
259;Qutb Minar and its Monuments, Delhi;1993;0;77,18528;28,52583;0;(iv);Cultural;C;India;Asia and the Pacific;ind
260;Churches and Convents of Goa;1986;0;73,91167;15,50222;0;(ii)(iv)(vi);Cultural;C;India;Asia and the Pacific;ind
266;Group of Monuments at Pattadakal;1987;0;75,81667;15,94833;5,56;(iii)(iv);Cultural;C;India;Asia and the Pacific;ind
267;Khajuraho Group of Monuments;1986;0;79,92222;24,85222;0;(i)(iii);Cultural;C;India;Asia and the Pacific;ind
1932;Group of Monuments at Hampi;1986;0;76,47167;15,31444;4187,24;(i)(iii)(iv);Cultural;C;India;Asia and the Pacific;ind
269;Ajanta Caves;1983;0;75,70025;20,553111;8242;(i)(ii)(iii)(vi);Cultural;C;India;Asia and the Pacific;ind
270;Ellora Caves;1983;0;75,17917;20,02639;0;(i)(iii)(vi);Cultural;C;India;Asia and the Pacific;ind
272;Elephanta Caves;1987;0;72,93583;18,96667;0;(i)(iii);Cultural;C;India;Asia and the Pacific;ind
274;Sun Temple, Konârak;1984;0;86,09472;19,8875;10,62;(i)(iii)(vi);Cultural;C;India;Asia and the Pacific;ind
1947;Hill Forts of Rajasthan;2013;0;74,64611111;24,88333333;736;(ii)(iii);Cultural;C;India;Asia and the Pacific;ind
277;Group of Monuments at Mahabalipuram;1984;0;80,19167;12,61667;0;(i)(ii)(iii)(vi);Cultural;C;India;Asia and the Pacific;ind
280;Great Living Chola Temples;1987;0;79,1325;10,78305556;21,74;(ii)(iii);Cultural;C;India;Asia and the Pacific;ind
281;Agra Fort;1983;0;78,021528;27,179806;0;(iii);Cultural;C;India;Asia and the Pacific;ind
282;Taj Mahal;1983;0;78,04222;27,17417;0;(i);Cultural;C;India;Asia and the Pacific;ind
285;Fatehpur Sikri;1986;0;77,6665;27,097528;0;(ii)(iii)(iv);Cultural;C;India;Asia and the Pacific;ind
382;Nanda Devi and Valley of Flowers National Parks;1988;0;79,66667;30,71667;71210;(vii)(x);Natural;N;India;Asia and the Pacific;ind
384;Kaziranga National Park;1985;0;93,41666667;26,66666667;42996;(ix)(x);Natural;N;India;Asia and the Pacific;ind
385;Manas Wildlife Sanctuary;1985;0;91,03055556;26,725;39100;(vii)(ix)(x);Natural;N;India;Asia and the Pacific;ind
387;Keoladeo National Park;1985;0;77,50861111;27,15888889;2873;(x);Natural;N;India;Asia and the Pacific;ind
524;Sundarbans National Park;1987;0;88,89583333;21,945;133010;(ix)(x);Natural;N;India;Asia and the Pacific;ind
613;Buddhist Monuments at Sanchi;1989;0;77,73972;23,47944;0;(i)(ii)(iii)(iv)(vi);Cultural;C;India;Asia and the Pacific;ind
2008;Rani-ki-Vav (the Queen’s Stepwell) at Patan, Gujarat;2014;0;72,10166667;23,85888889;4,68;(i)(iv);Cultural;C;India;Asia and the Pacific;ind
1079;Rock Shelters of Bhimbetka;2003;0;77,58333333;22,92777778;1893;(iii)(v);Cultural;C;India;Asia and the Pacific;ind
1540;Mountain Railways of India;1999;0;76,93583;11,51028;88,99;(ii)(iv);Cultural;C;India;Asia and the Pacific;ind
1105;Chhatrapati Shivaji Terminus (formerly Victoria Terminus);2004;0;72,83620278;18,94012222;2,85;(ii)(iv);Cultural;C;India;Asia and the Pacific;ind
1231;Mahabodhi Temple Complex at Bodh Gaya;2002;0;84,99389;24,69528;4,86;(i)(ii)(iii)(iv)(vi);Cultural;C;India;Asia and the Pacific;ind
1279;Champaner-Pavagadh Archaeological Park;2004;0;73,53333333;22,48333333;1328,89;(iii)(iv)(v)(vi);Cultural;C;India;Asia and the Pacific;ind
1677;The Jantar Mantar, Jaipur;2010;0;75,825;26,92472222;1,8652;(iii)(iv);Cultural;C;India;Asia and the Pacific;ind
1921;Western Ghats;2012;0;77,24972222;8,529722222;795315;(ix)(x);Natural;N;India;Asia and the Pacific;ind
2446;Santiniketan;2023;0;87,68497222;23,68027778;36;(iv)(vi);Cultural;C;India;Asia and the Pacific;ind
2011;Great Himalayan National Park Conservation Area;2014;0;77,58333333;31,83333333;90540;(x);Natural;N;India;Asia and the Pacific;ind
2041;Victorian Gothic and Art Deco Ensembles of Mumbai;2018;0;72,83008333;18,92980556;66,34;(ii)(iv);Cultural;C;India;Asia and the Pacific;ind
2089;Archaeological Site of Nalanda Mahavihara at Nalanda, Bihar;2016;0;85,44388889;25,13666667;23;(iv)(vi);Cultural;C;India;Asia and the Pacific;ind
2105;Khangchendzonga National Park;2016;0;88,37722222;27,76472222;178400;(iii)(vi)(vii)(x);Mixed;C/N;India;Asia and the Pacific;ind
2144;Historic City of Ahmadabad;2017;0;72,58805556;23,02638889;535,7;(ii)(v);Cultural;C;India;Asia and the Pacific;ind
2310;Kakatiya Rudreshwara (Ramappa) Temple, Telangana;2021;0;79,94320556;18,25913333;5,93;(i)(iii);Cultural;C;India;Asia and the Pacific;ind
2309;Jaipur City, Rajasthan;2019;0;75,82186111;26,92427778;710;(ii)(iv)(vi);Cultural;C;India;Asia and the Pacific;ind
2386;Dholavira: a Harappan City;2021;0;70,21330278;23,88840833;103;(iii)(iv);Cultural;C;India;Asia and the Pacific;ind
2497;Sacred Ensembles of the Hoysalas;2023;0;75,99407222;13,21245278;10,47;(i)(ii)(iv);Cultural;C;India;Asia and the Pacific;ind
2529;Moidams – the Mound-Burial System of the Ahom Dynasty;2024;0;94,87635;26,94117472;96,5;(iii)(iv);Cultural;C;India;Asia and the Pacific;ind
2592;Maratha Military Landscapes of India;2025;0;73,9425;20,7225;1577,63;(iv)(vi);Cultural;C;India;Asia and the Pacific;ind
700;Borobudur Temple Compounds;1991;0;110,20361;-7,60778;25,51;(i)(ii)(vi);Cultural;C;Indonesia;Asia and the Pacific;idn
701;Sangiran Early Man Site;1996;0;110,8166667;-7,4;5600;(iii)(vi);Cultural;C;Indonesia;Asia and the Pacific;idn
722;Ujung Kulon National Park;1991;0;105,3333333;-6,75;78525;(vii)(x);Natural;N;Indonesia;Asia and the Pacific;idn
723;Komodo National Park;1991;0;119,48944;-8,54333;219322;(vii)(x);Natural;N;Indonesia;Asia and the Pacific;idn
762;Prambanan Temple Compounds;1991;0;110,49167;-7,75222;0;(i)(iv);Cultural;C;Indonesia;Asia and the Pacific;idn
1118;Lorentz National Park;1999;0;137,83333;-4,75;2350000;(viii)(ix)(x);Natural;N;Indonesia;Asia and the Pacific;idn
1344;Tropical Rainforest Heritage of Sumatra;2004;1;101,5;-2,5;2595124;(vii)(ix)(x);Natural;N;Indonesia;Asia and the Pacific;idn
1836;Cultural Landscape of Bali Province: the <em>Subak</em> System as a Manifestation of the <em>Tri Hita Karana</em> Philosophy;2012;0;115,4027778;-8,259166667;19519,9;(iii)(v)(vi);Cultural;C;Indonesia;Asia and the Pacific;idn
2311;Ombilin Coal Mining Heritage of Sawahlunto;2019;0;100,7378833;-0,766625556;268,18;(ii)(iv);Cultural;C;Indonesia;Asia and the Pacific;idn
2488;The Cosmological Axis of Yogyakarta and its Historic Landmarks;2023;0;110,3647778;-7,801388889;42,22;(ii)(iii);Cultural;C;Indonesia;Asia and the Pacific;idn
122;Tchogha Zanbil;1979;0;48,522118;32,00857;0;(iii)(iv);Cultural;C;Iran (Islamic Republic of);Asia and the Pacific;irn
123;Persepolis;1979;0;52,89028;29,93444;12,5;(i)(iii)(vi);Cultural;C;Iran (Islamic Republic of);Asia and the Pacific;irn
125;Meidan Emam, Esfahan;1979;0;51,67777778;32,65745;0;(i)(v)(vi);Cultural;C;Iran (Islamic Republic of);Asia and the Pacific;irn
1254;Takht-e Soleyman;2003;0;47,235;36,60388889;10;(i)(ii)(iii)(iv)(vi);Cultural;C;Iran (Islamic Republic of);Asia and the Pacific;irn
1284;Pasargadae;2004;0;53,16729;30,19383;159,65;(i)(ii)(iii)(iv);Cultural;C;Iran (Islamic Republic of);Asia and the Pacific;irn
1365;Soltaniyeh;2005;0;48,79667;36,43528;790,146;(ii)(iii)(iv);Cultural;C;Iran (Islamic Republic of);Asia and the Pacific;irn
1564;Bam and its Cultural Landscape;2004;0;58,36666667;29,11683;0;(ii)(iii)(iv)(v);Cultural;C;Iran (Islamic Republic of);Asia and the Pacific;irn
1399;Bisotun;2006;0;47,43666667;34,38833333;187;(ii)(iii);Cultural;C;Iran (Islamic Republic of);Asia and the Pacific;irn
1542;Armenian Monastic Ensembles of Iran;2008;0;45,47333333;38,97888889;129,2819;(ii)(iii)(vi);Cultural;C;Iran (Islamic Republic of);Asia and the Pacific;irn
1599;Shushtar Historical Hydraulic System;2009;0;48,83583333;32,01861111;240,4152;(i)(ii)(v);Cultural;C;Iran (Islamic Republic of);Asia and the Pacific;irn
1680;Sheikh Safi al-din Khānegāh and Shrine Ensemble in Ardabil;2010;0;48,29138889;38,24861111;2,1353;(i)(ii)(iv);Cultural;C;Iran (Islamic Republic of);Asia and the Pacific;irn
1681;Tabriz Historic Bazaar Complex;2010;0;46,29305556;38,08138889;28,9733;(ii)(iii)(iv);Cultural;C;Iran (Islamic Republic of);Asia and the Pacific;irn
1768;The Persian Garden;2011;0;53,16666667;30,16666667;716,35;(i)(ii)(iii)(iv)(vi);Cultural;C;Iran (Islamic Republic of);Asia and the Pacific;irn
1821;Masjed-e Jāmé of Isfahan;2012;0;51,68527778;32,66972222;2,0756;(ii);Cultural;C;Iran (Islamic Republic of);Asia and the Pacific;irn
1822;Gonbad-e Qābus;2012;0;55,169;37,25802778;1,4754;(i)(ii)(iii)(iv);Cultural;C;Iran (Islamic Republic of);Asia and the Pacific;irn
1888;Golestan Palace;2013;0;51,42051111;35,68036667;5,3;(ii)(iii)(iv);Cultural;C;Iran (Islamic Republic of);Asia and the Pacific;irn
2073;Cultural Landscape of Maymand;2015;0;55,37555556;30,16805556;4953,85;(v);Cultural;C;Iran (Islamic Republic of);Asia and the Pacific;irn
1999;Susa;2015;0;48,25611111;32,18944444;350;(i)(ii)(iii)(iv);Cultural;C;Iran (Islamic Republic of);Asia and the Pacific;irn
2000;Shahr-i Sokhta;2014;0;61,32777778;30,59388889;275;(ii)(iii)(iv);Cultural;C;Iran (Islamic Republic of);Asia and the Pacific;irn
2095;Lut Desert;2016;0;58,83888889;30,21611111;2278015;(vii)(viii);Natural;N;Iran (Islamic Republic of);Asia and the Pacific;irn
2096;The Persian Qanat;2016;0;58,65444444;34,29;19057;(iii)(iv);Cultural;C;Iran (Islamic Republic of);Asia and the Pacific;irn
2148;Historic City of Yazd;2017;0;54,36916667;31,90138889;195,67;(iii)(v);Cultural;C;Iran (Islamic Republic of);Asia and the Pacific;irn
2233;Sassanid Archaeological Landscape of Fars Region;2018;0;51,57045;29,77748056;639,3;(ii)(iii)(v);Cultural;C;Iran (Islamic Republic of);Asia and the Pacific;irn
2339;Trans-Iranian Railway;2021;0;51,39833333;35,65830556;5784;(ii)(iv);Cultural;C;Iran (Islamic Republic of);Asia and the Pacific;irn
2389;Cultural Landscape of Hawraman/Uramanat;2021;0;46,47785;35,10735833;106307;(iii)(v);Cultural;C;Iran (Islamic Republic of);Asia and the Pacific;irn
2438;The Persian Caravanserai;2023;0;51,42013611;35,05835278;30,34;(ii)(iii);Cultural;C;Iran (Islamic Republic of);Asia and the Pacific;irn
2534;Hegmataneh;2024;0;48,51668611;34,80238889;;(ii)(iii);Cultural;C;Iran (Islamic Republic of);Asia and the Pacific;irn
2598;Prehistoric Sites of the Khorramabad Valley;2025;0;48,34557222;33,49210833;394,46;(iii);Cultural;C;Iran (Islamic Republic of);Asia and the Pacific;irn
1456;Samarra Archaeological City;2007;1;43,82354306;34,34098944;15058;(ii)(iii)(iv);Cultural;C;Iraq;Arab States;irq
309;Hatra;1985;1;42,71833;35,58806;323,75;(ii)(iii)(iv)(vi);Cultural;C;Iraq;Arab States;irq
2293;Babylon;2019;0;44,42083333;32,54196944;1054,3;(iii)(vi);Cultural;C;Iraq;Arab States;irq
1310;Ashur (Qal'at Sherqat);2003;1;43,26111111;35,45666667;70;(iii)(iv);Cultural;C;Iraq;Arab States;irq
1980;Erbil Citadel;2014;0;44,00916667;36,19111111;15,6;(iv);Cultural;C;Iraq;Arab States;irq
2042;The Ahwar of Southern Iraq: Refuge of Biodiversity and the Relict Landscape of the Mesopotamian Cities;2016;0;47,65777778;31,56222222;211544;(iii)(v)(ix)(x);Mixed;C/N;Iraq;Arab States;irq
780;Brú na Bóinne - Archaeological Ensemble of the Bend of the Boyne;1993;0;-6,4755;53,69469444;770;(i)(iii)(iv);Cultural;C;Ireland;Europe and North America;irl
892;Sceilg Mhichíl;1996;0;-10,53861;51,77194;21,9;(iii)(iv);Cultural;C;Ireland;Europe and North America;irl
1214;Masada;2001;0;35,35361111;31,31555556;276;(iii)(iv)(vi);Cultural;C;Israel;Europe and North America;isr
1217;Old City of Acre;2001;0;35,06888889;32,92166667;63,3;(ii)(iii)(v);Cultural;C;Israel;Europe and North America;isr
1274;White City of Tel-Aviv – the Modern Movement;2003;0;34,77416667;32,07777778;140,4;(ii)(iv);Cultural;C;Israel;Europe and North America;isr
1286;Incense Route - Desert Cities in the Negev;2005;0;35,00916667;30,57388889;6655;(iii)(v);Cultural;C;Israel;Europe and North America;isr
1287;Biblical Tels - Megiddo, Hazor, Beer Sheba;2005;0;35,18222;32,59722;96,04;(ii)(iii)(iv)(vi);Cultural;C;Israel;Europe and North America;isr
1581;Bahá’i Holy Places in Haifa and the Western Galilee;2008;0;34,97164889;32,82939667;62,58;(iii)(vi);Cultural;C;Israel;Europe and North America;isr
1969;Caves of Maresha and Bet-Guvrin in the Judean Lowlands as a Microcosm of the Land of the Caves;2014;0;34,9;31,60111111;259;(v);Cultural;C;Israel;Europe and North America;isr
1818;Sites of Human Evolution at Mount Carmel: The Nahal Me’arot / Wadi el-Mughara Caves;2012;0;34,96805556;32,66861111;54;(iii)(v);Cultural;C;Israel;Europe and North America;isr
2032;Necropolis of Bet She’arim: A Landmark of Jewish Renewal;2015;0;35,12694444;32,70222222;12,2;(ii)(iii);Cultural;C;Israel;Europe and North America;isr
100;Church and Dominican Convent of Santa Maria delle Grazie with “The Last Supper” by Leonardo da Vinci;1980;0;9,171;45,466;1,5;(i)(ii);Cultural;C;Italy;Europe and North America;ita
101;Rock Drawings in Valcamonica;1979;0;10,29733333;45,95705556;432,3;(iii)(vi);Cultural;C;Italy;Europe and North America;ita
2514;Historic Centre of Florence;1982;0;11,25611;43,77306;532;(i)(ii)(iii)(iv)(vi);Cultural;C;Italy;Europe and North America;ita
1891;Medici Villas and Gardens in Tuscany;2013;0;11,30416667;43,85777778;125,4;(ii)(iv)(vi);Cultural;C;Italy;Europe and North America;ita
454;Venice and its Lagoon;1987;0;12,33894444;45,43430556;70176,4;(i)(ii)(iii)(iv)(v)(vi);Cultural;C;Italy;Europe and North America;ita
1558;Piazza del Duomo, Pisa;1987;0;10,39638889;43,72305556;8,87;(i)(ii)(iv)(vi);Cultural;C;Italy;Europe and North America;ita
459;Castel del Monte;1996;0;16,27094444;41,08480556;3,1;(i)(ii)(iii);Cultural;C;Italy;Europe and North America;ita
646;18th-Century Royal Palace at Caserta with the Park, the Aqueduct of Vanvitelli, and the San Leucio Complex;1997;0;14,32639;41,07333;87,37;(i)(ii)(iii)(iv);Cultural;C;Italy;Europe and North America;ita
647;Historic Centre of San Gimignano;1990;0;11,04167;43,46806;13,88;(i)(iii)(iv);Cultural;C;Italy;Europe and North America;ita
793;The Sassi and the Park of the Rupestrian Churches of Matera;1993;0;16,61027778;40,66638889;1016;(iii)(iv)(v);Cultural;C;Italy;Europe and North America;ita
843;City of Vicenza and the Palladian Villas of the Veneto;1994;0;11,54944444;45,54916667;333,87;(i)(ii);Cultural;C;Italy;Europe and North America;ita
848;Historic Centre of Siena;1995;0;11,33166667;43,31861111;170;(i)(ii)(iv);Cultural;C;Italy;Europe and North America;ita
1867;Historic Centre of Naples;1995;0;14,26277778;40,85138889;1021;(ii)(iv);Cultural;C;Italy;Europe and North America;ita
862;Crespi d'Adda;1995;0;9,53833;45,59333;0;(iv)(v);Cultural;C;Italy;Europe and North America;ita
867;Ferrara, City of the Renaissance, and its Po Delta;1995;0;11,61944444;44,83777778;46712;(ii)(iii)(iv)(v)(vi);Cultural;C;Italy;Europe and North America;ita
930;The <I>Trulli</I> of Alberobello;1996;0;17,23694;40,7825;10,52;(iii)(iv)(v);Cultural;C;Italy;Europe and North America;ita
931;Early Christian Monuments of Ravenna;1996;0;12,19625;44,42041667;1,32;(i)(ii)(iii)(iv);Cultural;C;Italy;Europe and North America;ita
932;Historic Centre of the City of Pienza;1996;0;11,67861111;43,07694444;4,41;(i)(ii)(iv);Cultural;C;Italy;Europe and North America;ita
942;City of Verona;2000;0;10,99388889;45,43861111;444,4;(ii)(iv);Cultural;C;Italy;Europe and North America;ita
1736;Residences of the Royal House of Savoy;1997;0;7,68572;45,07253;370,82;(i)(ii)(iv)(v);Cultural;C;Italy;Europe and North America;ita
973;Botanical Garden (Orto Botanico), Padua;1997;0;11,88066667;45,39911111;2,2;(ii)(iii);Cultural;C;Italy;Europe and North America;ita
2319;Archaeological Area and the Patriarchal Basilica of Aquileia;1998;0;13,3675;45,76833333;155,43;(iii)(iv)(vi);Cultural;C;Italy;Europe and North America;ita
2458;Portovenere, Cinque Terre, and the Islands (Palmaria, Tino and Tinetto);1997;0;9,72917;44,10694;4689,25;(ii)(iv)(v);Cultural;C;Italy;Europe and North America;ita
976;Cathedral, Torre Civica and Piazza Grande, Modena;1997;0;10,92568;44,64624;1,2;(i)(ii)(iii)(iv);Cultural;C;Italy;Europe and North America;ita
977;Historic Centre of Urbino;1998;0;12,63333;43,725;29,23;(ii)(iv);Cultural;C;Italy;Europe and North America;ita
2515;Archaeological Areas of Pompei, Herculaneum and Torre Annunziata;1997;0;14,48333333;40,75;98,05;(iii)(iv)(v);Cultural;C;Italy;Europe and North America;ita
979;Costiera Amalfitana;1997;0;14,60277778;40,63333333;11231;(ii)(iv)(v);Cultural;C;Italy;Europe and North America;ita
980;Archaeological Area of Agrigento;1997;0;13,59333333;37,28972222;934;(i)(ii)(iii)(iv);Cultural;C;Italy;Europe and North America;ita
981;Villa Romana del Casale;1997;0;14,33417;37,36611;8,92;(i)(ii)(iii);Cultural;C;Italy;Europe and North America;ita
982;Su Nuraxi di Barumini;1997;0;8,991388889;39,70583333;2,3254;(i)(iii)(iv);Cultural;C;Italy;Europe and North America;ita
993;Cilento and Vallo di Diano National Park with the Archeological Sites of Paestum and Velia, and the Certosa di Padula;1998;0;15,26666667;40,28333333;159109,73;(iii)(iv);Cultural;C;Italy;Europe and North America;ita
1060;Villa Adriana (Tivoli);1999;0;12,77197222;41,94416667;80;(i)(ii)(iii);Cultural;C;Italy;Europe and North America;ita
1061;Isole Eolie (Aeolian Islands);2000;0;14,94558333;38,48786111;1216;(viii);Natural;N;Italy;Europe and North America;ita
1154;Assisi, the Basilica of San Francesco and Other Franciscan Sites;2000;0;12,62244444;43,06616667;14563,25;(i)(ii)(iii)(iv)(vi);Cultural;C;Italy;Europe and North America;ita
1196;Late Baroque Towns of the Val di Noto (South-Eastern Sicily);2002;0;15,06891667;36,89319444;112,79;(i)(ii)(iv)(v);Cultural;C;Italy;Europe and North America;ita
1197;Villa d'Este, Tivoli;2001;0;12,79625;41,96391667;4,5;(i)(ii)(iii)(iv)(vi);Cultural;C;Italy;Europe and North America;ita
1199;Val d'Orcia;2004;0;11,55;43,06666667;61187,9609;(iv)(vi);Cultural;C;Italy;Europe and North America;ita
1245;<I>Sacri Monti</I> of Piedmont and Lombardy;2003;0;9,169555556;45,97455556;90,5;(ii)(iv);Cultural;C;Italy;Europe and North America;ita
1338;Etruscan Necropolises of Cerveteri and Tarquinia;2004;0;12,10188889;42,00683333;326,93;(i)(iii)(iv);Cultural;C;Italy;Europe and North America;ita
1377;Syracuse and the Rocky Necropolis of Pantalica;2005;0;15,29306;37,05944;898,46;(ii)(iii)(iv)(vi);Cultural;C;Italy;Europe and North America;ita
1388;Genoa: <i>Le Strade Nuove</i> and the system of the<i> Palazzi dei Rolli</i>;2006;0;8,931111111;44,41222222;15,777;(ii)(iv);Cultural;C;Italy;Europe and North America;ita
1609;The Dolomites;2009;0;12,16305556;46,61305556;141902,8;(vii)(viii);Natural;N;Italy;Europe and North America;ita
1518;Mantua and Sabbioneta;2008;0;10,79444444;45,15944444;235,43;(ii)(iii);Cultural;C;Italy;Europe and North America;ita
1780;Longobards in Italy. Places of the Power (568-774 A.D.);2011;0;13,43305556;46,09416667;14,08;(ii)(iii)(vi);Cultural;C;Italy;Europe and North America;ita
1971;Vineyard Landscape of Piedmont: Langhe-Roero and Monferrato;2014;0;7,963611111;44,60861111;10789;(iii)(v);Cultural;C;Italy;Europe and North America;ita
1910;Mount Etna;2013;0;14,99666667;37,75611111;19237;(viii);Natural;N;Italy;Europe and North America;ita
2048;Arab-Norman Palermo and the Cathedral Churches of Cefalú and Monreale;2015;0;13,35305556;38,11083333;6,235;(ii)(iv);Cultural;C;Italy;Europe and North America;ita
2409;Ivrea, industrial city of the 20th century;2018;0;7,869166667;45,4575;52,37;(iv);Cultural;C;Italy;Europe and North America;ita
2327;Le Colline del Prosecco di Conegliano e Valdobbiadene;2019;0;12,22611111;45,95302778;20334,2;(v);Cultural;C;Italy;Europe and North America;ita
2350;Padua’s fourteenth-century fresco cycles;2021;0;11,87961111;45,41188889;19,96;(ii);Cultural;C;Italy;Europe and North America;ita
2393;The Porticoes of Bologna;2021;0;11,33277778;44,49138889;52,18;(iv);Cultural;C;Italy;Europe and North America;ita
2480;Evaporitic Karst and Caves of Northern Apennines;2023;0;10,38891667;44,37994444;3680;(viii);Natural;N;Italy;Europe and North America;ita
2526;Via Appia. <em>Regina Viarum</em>;2024;0;13,26272222;41,29272222;4639,92;(iii)(iv)(vi);Cultural;C;Italy;Europe and North America;ita
2583;Funerary Tradition in the Prehistory of Sardinia – <em>The domus de janas</em>;2025;0;8,951333333;40,08513889;;(iii);Cultural;C;Italy;Europe and North America;ita
2015;Blue and John Crow Mountains;2015;0;-76,57111111;18,0775;26251,6;(iii)(vi)(x);Mixed;C/N;Jamaica;Latin America and the Caribbean;jam
2575;The Archaeological Ensemble of 17th Century Port Royal;2025;0;-76,84337778;17,93861389;27;(iv)(vi);Cultural;C;Jamaica;Latin America and the Caribbean;jam
781;Buddhist Monuments in the Horyu-ji Area;1993;0;135,7333333;34,61666667;15,3;(i)(ii)(iv)(vi);Cultural;C;Japan;Asia and the Pacific;jpn
782;Himeji-jo;1993;0;134,7;34,83333333;107;(i)(iv);Cultural;C;Japan;Asia and the Pacific;jpn
783;Yakushima;1993;0;130,5086111;30,315;10747;(vii)(ix);Natural;N;Japan;Asia and the Pacific;jpn
784;Shirakami-Sanchi;1993;0;140,1155556;40,4525;16971;(ix);Natural;N;Japan;Asia and the Pacific;jpn
814;Historic Monuments of Ancient Kyoto (Kyoto, Uji and Otsu Cities);1994;0;135,7694444;34,98055556;1056;(ii)(iv);Cultural;C;Japan;Asia and the Pacific;jpn
868;Historic Villages of Shirakawa-go and Gokayama;1995;0;136,8833333;36,4;68;(iv)(v);Cultural;C;Japan;Asia and the Pacific;jpn
917;Hiroshima Peace Memorial (Genbaku Dome);1996;0;132,453611;34,395556;0,4;(vi);Cultural;C;Japan;Asia and the Pacific;jpn
918;Itsukushima Shinto Shrine;1996;0;132,3246389;34,29441667;431,2;(i)(ii)(iv)(vi);Cultural;C;Japan;Asia and the Pacific;jpn
1021;Historic Monuments of Ancient Nara;1998;0;135,8394444;34,67555556;617;(ii)(iii)(iv)(vi);Cultural;C;Japan;Asia and the Pacific;jpn
1066;Shrines and Temples of Nikko;1999;0;139,6105556;36,7475;50,8;(i)(iv)(vi);Cultural;C;Japan;Asia and the Pacific;jpn
1136;Gusuku Sites and Related Properties of the Kingdom of Ryukyu;2000;0;127,6827778;26,20861111;54,9;(ii)(iii)(vi);Cultural;C;Japan;Asia and the Pacific;jpn
2183;Sacred Sites and Pilgrimage Routes in the Kii Mountain Range;2004;0;135,7763889;33,83694444;506,4;(ii)(iii)(iv)(vi);Cultural;C;Japan;Asia and the Pacific;jpn
1370;Shiretoko;2005;0;144,96583;43,94944;71100;(ix)(x);Natural;N;Japan;Asia and the Pacific;jpn
1737;Iwami Ginzan Silver Mine and its Cultural Landscape;2007;0;132,435;35,11277778;529,17;(ii)(iii)(v);Cultural;C;Japan;Asia and the Pacific;jpn
1771;Hiraizumi – Temples, Gardens and Archaeological Sites Representing the Buddhist Pure Land;2011;0;141,1077778;39,00111111;176,2;(ii)(vi);Cultural;C;Japan;Asia and the Pacific;jpn
1770;Ogasawara Islands;2011;0;142,0997222;27,71833333;7939;(ix);Natural;N;Japan;Asia and the Pacific;jpn
1883;Fujisan, sacred place and source of artistic inspiration;2013;0;138,7275;35,36083333;20702,1;(iii)(vi);Cultural;C;Japan;Asia and the Pacific;jpn
1992;Tomioka Silk Mill and Related Sites;2014;0;138,8877778;36,25527778;7,2;(ii)(iv);Cultural;C;Japan;Asia and the Pacific;jpn
2045;Sites of Japan’s Meiji Industrial Revolution: Iron and Steel, Shipbuilding and Coal Mining;2015;0;131,4122222;34,43055556;306,66;(ii)(iv);Cultural;C;Japan;Asia and the Pacific;jpn
2216;Hidden Christian Sites in the Nagasaki Region;2018;0;128,9038889;32,80222222;5566,55;(iii);Cultural;C;Japan;Asia and the Pacific;jpn
2149;Sacred Island of Okinoshima and Associated Sites in the Munakata Region;2017;0;130,1055556;34,245;98,93;(ii)(iii);Cultural;C;Japan;Asia and the Pacific;jpn
2340;Amami-Oshima Island, Tokunoshima Island, Northern part of Okinawa Island, and Iriomote Island;2021;0;129,3783333;28,27916667;42698;(x);Natural;N;Japan;Asia and the Pacific;jpn
2563;Mozu-Furuichi Kofun Group: Mounded Tombs of Ancient Japan;2019;0;135,6094444;34,56222222;166,66;(iii)(iv);Cultural;C;Japan;Asia and the Pacific;jpn
2370;Jomon Prehistoric Sites in Northern Japan;2021;0;140,5522222;41,06555556;141,9;(iii)(v);Cultural;C;Japan;Asia and the Pacific;jpn
2544;Sado Island Gold Mines;2024;0;138,2577778;38,04083333;750,9;(iv);Cultural;C;Japan;Asia and the Pacific;jpn
165;Old City of Jerusalem and its Walls;1981;1;35,23166667;31,77777778;0;(ii)(iii)(vi);Cultural;C;Jerusalem (Site proposed by Jordan);Arab States;
370;Petra;1985;0;35,44333;30,33056;26171;(i)(iii)(iv);Cultural;C;Jordan;Arab States;jor
372;Quseir Amra;1985;0;36,58730556;31,80180556;0,0445;(i)(iii)(iv);Cultural;C;Jordan;Arab States;jor
2383;As-Salt - The Place of Tolerance and Urban Hospitality;2021;0;35,72830556;32,04261111;24,68;(ii)(iii);Cultural;C;Jordan;Arab States;jor
1271;Um er-Rasas (Kastrom Mefa'a);2004;0;35,92056;31,50167;23,928;(i)(iv)(vi);Cultural;C;Jordan;Arab States;jor
1758;Wadi Rum Protected Area;2011;0;35,43388889;29,63972222;74179,7;(iii)(v)(vii);Mixed;C/N;Jordan;Arab States;jor
2019;Baptism Site “Bethany Beyond the Jordan” (Al-Maghtas);2015;0;35,55277778;31,83722222;294,155;(iii)(vi);Cultural;C;Jordan;Arab States;jor
2539;Umm Al-Jimāl;2024;0;36,37;32,32694444;42,584;(iii);Cultural;C;Jordan;Arab States;jor
1543;Saryarka – Steppe and Lakes of Northern Kazakhstan;2008;0;69,18888889;50,43333333;450344;(ix)(x);Natural;N;Kazakhstan;Asia and the Pacific;kaz
1281;Mausoleum of Khoja Ahmed Yasawi;2003;0;68,27105556;43,29769444;0,55;(i)(iii)(iv);Cultural;C;Kazakhstan;Asia and the Pacific;kaz
1326;Petroglyphs of the Archaeological Landscape of Tanbaly;2004;0;75,535;43,80333333;900;(iii);Cultural;C;Kazakhstan;Asia and the Pacific;kaz
1902;Mount Kenya National Park/Natural Forest;1997;0;37,31555556;-0,155;202334;(vii)(ix);Natural;N;Kenya;Africa;ken
947;Lake Turkana National Parks;1997;1;36,50366667;3,051305556;161485;(viii)(x);Natural;N;Kenya;Africa;ken
1229;Lamu Old Town;2001;0;40,8525;-2,284444444;15,6;(ii)(iv)(vi);Cultural;C;Kenya;Africa;ken
1749;Kenya Lake System in the Great Rift Valley;2011;0;36,24;-0,4425;32034;(vii)(ix)(x);Natural;N;Kenya;Africa;ken
1589;Sacred Mijikenda Kaya Forests;2008;0;39,59611111;-3,931944444;1538;(iii)(v)(vi);Cultural;C;Kenya;Africa;ken
1847;Fort Jesus, Mombasa;2011;0;39,67944444;-4,062777778;2,36;(ii)(iv);Cultural;C;Kenya;Africa;ken
2312;Thimlich Ohinga Archaeological Site;2018;0;34,326107;-0,891338056;21;(iii)(iv)(v);Cultural;C;Kenya;Africa;ken
2538;The Historic Town and Archaeological Site of Gedi;2024;0;40,01726389;-3,310263889;20,81;(ii)(iii)(iv);Cultural;C;Kenya;Africa;ken
1683;Phoenix Islands Protected Area;2010;0;-172,650203;-3,864454;40825000;(vii)(ix);Natural;N;Kiribati;Asia and the Pacific;kir
1699;Sulaiman-Too Sacred Mountain;2009;0;72,78277778;40,53111111;112;(iii)(vi);Cultural;C;Kyrgyzstan;Asia and the Pacific;kgz
1954;Town of Luang Prabang;1995;0;102,13333;19,88889;820;(ii)(iv)(v);Cultural;C;Lao People's Democratic Republic;Asia and the Pacific;lao
560;Vat Phou and Associated Ancient Settlements within the Champasak Cultural Landscape;2001;0;105,8222222;14,84833333;39000;(iii)(iv)(vi);Cultural;C;Lao People's Democratic Republic;Asia and the Pacific;lao
2282;Megalithic Jar Sites in Xiengkhuang – Plain of Jars;2019;0;103,1522222;19,43105556;174,56;(iii);Cultural;C;Lao People's Democratic Republic;Asia and the Pacific;lao
1003;Historic Centre of Riga;1997;0;24,11667;56,95417;438,3;(i)(ii);Cultural;C;Latvia;Europe and North America;lva
2423;Old town of Kuldīga;2023;0;21,97152778;56,96775;84,33;(v);Cultural;C;Latvia;Europe and North America;lva
329;Anjar;1984;0;35,93333333;33,73194444;;(iii)(iv);Cultural;C;Lebanon;Arab States;lbn
330;Baalbek;1984;0;36,20416667;34,00666667;0;(i)(iv);Cultural;C;Lebanon;Arab States;lbn
331;Byblos;1984;0;35,64555556;34,11917;;(iii)(iv)(vi);Cultural;C;Lebanon;Arab States;lbn
335;Tyre;1984;0;35,19583333;33,26916667;153,8;(iii)(vi);Cultural;C;Lebanon;Arab States;lbn
1001;Ouadi Qadisha (the Holy Valley) and the Forest of the Cedars of God (Horsh Arz el-Rab);1998;0;36,95111111;34,25388889;1720,2;(iii)(iv);Cultural;C;Lebanon;Arab States;lbn
2518;Rachid Karami International Fair-Tripoli;2023;1;35,82416667;34,43777778;72;(ii)(iv);Cultural;C;Lebanon;Arab States;lbn
203;Archaeological Site of Leptis Magna;1982;1;14,29306;32,63833;387,485;(i)(ii)(iii);Cultural;C;Libya;Arab States;lby
204;Archaeological Site of Sabratha;1982;1;12,485;32,80528;90,534;(iii);Cultural;C;Libya;Arab States;lby
211;Archaeological Site of Cyrene;1982;1;21,85833;32,825;131,675;(ii)(iii)(vi);Cultural;C;Libya;Arab States;lby
321;Rock-Art Sites of Tadrart Acacus;1985;1;10,33333;24,83333;3923961;(iii);Cultural;C;Libya;Arab States;lby
2512;Old Town of Ghadamès;1986;0;9,5;30,13333333;287,59;(v);Cultural;C;Libya;Arab States;lby
1929;Vilnius Historic Centre;1994;0;25,29306;54,68667;352,09;(ii)(iv);Cultural;C;Lithuania;Europe and North America;ltu
1317;Kernavė Archaeological Site (Cultural Reserve of Kernavė);2004;0;24,853;54,879;194,4;(iii)(iv);Cultural;C;Lithuania;Europe and North America;ltu
2426;Modernist Kaunas: Architecture of Optimism, 1919-1939;2023;0;23,92916667;54,89694444;455,3;(iv);Cultural;C;Lithuania;Europe and North America;ltu
827;City of Luxembourg: its Old Quarters and Fortifications;1994;0;6,13333;49,61;29,94;(iv);Cultural;C;Luxembourg;Europe and North America;lux
2420;Andrefana Dry Forests;1990;0;44,76738611;-18,66157778;734298;(vii)(ix)(x);Natural;N;Madagascar;Africa;mdg
1111;Royal Hill of Ambohimanga;2001;0;47,56278;-18,75917;59;(iii)(iv)(vi);Cultural;C;Madagascar;Africa;mdg
1434;Rainforests of the Atsinanana;2007;0;49,7025;-14,45972222;479660,7;(ix)(x);Natural;N;Madagascar;Africa;mdg
323;Lake Malawi National Park;1984;0;34,88333;-14,03333;9400;(vii)(ix)(x);Natural;N;Malawi;Africa;mwi
1450;Chongoni Rock-Art Area;2006;0;34,20707383;-14,21852077;12640;(iii)(vi);Cultural;C;Malawi;Africa;mwi
2611;Mount Mulanje Cultural Landscape;2025;0;35,65805556;-15,91166667;89549;(iii)(vi);Cultural;C;Malawi;Africa;mwi
1182;Kinabalu Park;2000;0;116,5;6,25;75370;(ix)(x);Natural;N;Malaysia;Asia and the Pacific;mys
1183;Gunung Mulu National Park;2000;0;114,91667;4,13333;52864;(vii)(viii)(ix)(x);Natural;N;Malaysia;Asia and the Pacific;mys
2552;The Archaeological Heritage of Niah National Park’s Caves Complex;2024;0;113,7807667;3,804291667;3609;(iii)(v);Cultural;C;Malaysia;Asia and the Pacific;mys
1871;Melaka and George Town, Historic Cities of the Straits of Malacca;2008;0;100,3458333;5,421388889;154,68;(ii)(iii)(iv);Cultural;C;Malaysia;Asia and the Pacific;mys
1820;Archaeological Heritage of the Lenggong Valley;2012;0;100,9723278;5,067908333;398,64;(iii)(iv);Cultural;C;Malaysia;Asia and the Pacific;mys
2587;Forest Research Institute Malaysia Forest Park Selangor;2025;0;101,6272778;3,22925;589;(iv);Cultural;C;Malaysia;Asia and the Pacific;mys
127;Old Towns of Djenné;1988;1;-4,555;13,90639;0;(iii)(iv);Cultural;C;Mali;Africa;mli
131;Timbuktu;1988;1;-2,999444444;16,77333333;0;(ii)(iv)(v);Cultural;C;Mali;Africa;mli
602;Cliff of Bandiagara (Land of the Dogons);1989;0;-3,41667;14,33333;327390;(v)(vii);Mixed;C/N;Mali;Africa;mli
1320;Tomb of Askia;2004;1;-0,04456;16,2898;4,24;(ii)(iii)(iv);Cultural;C;Mali;Africa;mli
142;Ħal Saflieni Hypogeum;1980;0;14,50688337;35,86959;0,13;(iii);Cultural;C;Malta;Europe and North America;mlt
143;City of Valletta;1980;0;14,51444;35,90056;55,5;(i)(vi);Cultural;C;Malta;Europe and North America;mlt
2121;Megalithic Temples of Malta;1980;0;14,26947;36,04908;3,155;(iv);Cultural;C;Malta;Europe and North America;mlt
1684;Bikini Atoll Nuclear Test Site;2010;0;165,3805556;11,6;73500;(iv)(vi);Cultural;C;Marshall Islands;Asia and the Pacific;mhl
590;Banc d'Arguin National Park;1989;0;-16,10889;20,23472;1200000;(ix)(x);Natural;N;Mauritania;Arab States;mrt
884;Ancient <I>Ksour</I> of Ouadane, Chinguetti, Tichitt and Oualata;1996;0;-11,62361;20,92889;0;(iii)(iv)(v);Cultural;C;Mauritania;Arab States;mrt
1404;Aapravasi Ghat;2006;0;57,50316667;-20,15863889;0,164;(vi);Cultural;C;Mauritius;Africa;mus
1860;Le Morne Cultural Landscape;2008;0;57,32833333;-20,45194444;349,6;(iii)(vi);Cultural;C;Mauritius;Africa;mus
473;Sian Ka'an;1987;0;-87,79167;19,38333;528000;(vii)(x);Natural;N;Mexico;Latin America and the Caribbean;mex
474;Pre-Hispanic City and National Park of Palenque;1987;0;-92,05;17,48333;1772;(i)(ii)(iii)(iv);Cultural;C;Mexico;Latin America and the Caribbean;mex
475;Historic Centre of Mexico City and Xochimilco;1987;0;-99,13278;19,41833;3010,86;(ii)(iii)(iv)(v);Cultural;C;Mexico;Latin America and the Caribbean;mex
477;Pre-Hispanic City of Teotihuacan;1987;0;-98,84167;19,69167;250;(i)(ii)(iii)(iv)(vi);Cultural;C;Mexico;Latin America and the Caribbean;mex
478;Historic Centre of Oaxaca and Archaeological Site of Monte Albán;1987;0;-96,725885;17,061579;4375;(i)(ii)(iii)(iv);Cultural;C;Mexico;Latin America and the Caribbean;mex
479;Historic Centre of Puebla;1987;0;-98,197769;19,045967;690;(ii)(iv);Cultural;C;Mexico;Latin America and the Caribbean;mex
561;Historic Town of Guanajuato and Adjacent Mines;1988;0;-101,25556;21,01694;2167,5;(i)(ii)(iv)(vi);Cultural;C;Mexico;Latin America and the Caribbean;mex
562;Pre-Hispanic City of Chichen-Itza;1988;0;-88,568654;20,682739;0;(i)(ii)(iii);Cultural;C;Mexico;Latin America and the Caribbean;mex
652;Whale Sanctuary of El Vizcaino;1993;0;-114,22778;27,79222;369631;(x);Natural;N;Mexico;Latin America and the Caribbean;mex
662;Archaeological Zone of Paquimé, Casas Grandes;1998;0;-107,948122;30,367128;146,72;(iii)(iv);Cultural;C;Mexico;Latin America and the Caribbean;mex
692;Historic Centre of Morelia;1991;0;-101,190376;19,700927;390;(ii)(iv)(vi);Cultural;C;Mexico;Latin America and the Caribbean;mex
749;El Tajin, Pre-Hispanic City;1992;0;-97,377642;20,446095;240;(iii)(iv);Cultural;C;Mexico;Latin America and the Caribbean;mex
800;Historic Centre of Zacatecas;1993;0;-102,573531;22,775484;207,72;(ii)(iv);Cultural;C;Mexico;Latin America and the Caribbean;mex
2388;Earliest 16th-Century Monasteries on the Slopes of Popocatepetl;1994;0;-98,89777778;18,93472222;24,33;(ii)(iv);Cultural;C;Mexico;Latin America and the Caribbean;mex
845;Rock Paintings of the Sierra de San Francisco;1993;0;-113,020427;27,626963;182600;(i)(iii);Cultural;C;Mexico;Latin America and the Caribbean;mex
935;Pre-Hispanic Town of Uxmal;1996;0;-89,77027778;20,36166667;2059,8;(i)(ii)(iii);Cultural;C;Mexico;Latin America and the Caribbean;mex
936;Historic Monuments Zone of Querétaro;1996;0;-100,392135;20,593292;258,3;(ii)(iv);Cultural;C;Mexico;Latin America and the Caribbean;mex
963;Hospicio Cabañas, Guadalajara;1997;0;-103,337798;20,676888;2,34;(i)(ii)(iii)(iv);Cultural;C;Mexico;Latin America and the Caribbean;mex
1013;Historic Monuments Zone of Tlacotalpan;1998;0;-95,658676;18,613459;75;(ii)(iv);Cultural;C;Mexico;Latin America and the Caribbean;mex
1046;Historic Fortified Town of Campeche;1999;0;-90,53722;19,84639;181;(ii)(iv);Cultural;C;Mexico;Latin America and the Caribbean;mex
1094;Archaeological Monuments Zone of Xochicalco;1999;0;-99,29639;18,803972;707,65;(iii)(iv);Cultural;C;Mexico;Latin America and the Caribbean;mex
1963;Ancient Maya City and Protected Tropical Forests of Calakmul, Campeche;2002;0;-89,73728333;18,05302778;331397;(i)(ii)(iii)(iv)(ix)(x);Mixed;C/N;Mexico;Latin America and the Caribbean;mex
1256;Franciscan Missions in the Sierra Gorda of Querétaro;2003;0;-99,46411111;21,20438889;103,7;(ii)(iii);Cultural;C;Mexico;Latin America and the Caribbean;mex
1316;Luis Barragán House and Studio;2004;0;-99,19235334;19,41119788;0,1161;(i)(ii);Cultural;C;Mexico;Latin America and the Caribbean;mex
1873;Islands and Protected Areas of the Gulf of California;2005;1;-112,54583;27,62667;688558;(vii)(ix)(x);Natural;N;Mexico;Latin America and the Caribbean;mex
1386;Agave Landscape and Ancient Industrial Facilities of Tequila;2006;0;-103,7786111;20,86305556;35018,852;(ii)(iv)(v)(vi);Cultural;C;Mexico;Latin America and the Caribbean;mex
1427;Central University City Campus of the <i>Universidad Nacional Autónoma de México</i> (UNAM);2007;0;-99,18805556;19,33222222;176,5;(i)(ii)(iv);Cultural;C;Mexico;Latin America and the Caribbean;mex
1493;Protective town of San Miguel and the Sanctuary of Jesús Nazareno de Atotonilco;2008;0;-100,7463889;20,91444444;46,95;(ii)(iv);Cultural;C;Mexico;Latin America and the Caribbean;mex
1521;Monarch Butterfly Biosphere Reserve;2008;0;-100,2416667;19,60638889;13551,552;(vii);Natural;N;Mexico;Latin America and the Caribbean;mex
1691;Camino Real de Tierra Adentro;2010;0;-102,3791667;22,60805556;3101,91;(ii)(iv);Cultural;C;Mexico;Latin America and the Caribbean;mex
1693;Prehistoric Caves of Yagul and Mitla in the Central Valley of Oaxaca;2010;0;-96,42111111;16,95083333;1515,17;(iii);Cultural;C;Mexico;Latin America and the Caribbean;mex
1858;El Pinacate and Gran Desierto de Altar Biosphere Reserve;2013;0;-113,9166667;32;714566;(vii)(viii)(x);Natural;N;Mexico;Latin America and the Caribbean;mex
2024;Aqueduct of Padre Tembleque Hydraulic System;2015;0;-98,66256667;19,83527778;6540;(i)(ii)(iv);Cultural;C;Mexico;Latin America and the Caribbean;mex
2102;Archipiélago de Revillagigedo;2016;0;-110,9752778;18,78805556;636685,375;(vii)(ix)(x);Natural;N;Mexico;Latin America and the Caribbean;mex
2287;Tehuacán-Cuicatlán Valley: originary habitat of Mesoamerica;2018;0;-97,18715278;17,98996111;145255,2;(iv)(x);Mixed;C/N;Mexico;Latin America and the Caribbean;mex
2610;Wixárika Route through Sacred Sites to Wirikuta (Tatehuarí Huajuyé);2025;0;-103,2801528;22,59786389;135420,64;(iii)(vi);Cultural;C;Mexico;Latin America and the Caribbean;mex
2093;Nan Madol: Ceremonial Centre of Eastern Micronesia;2016;1;158,3308333;6,839722222;76,7;(i)(iii)(iv)(vi);Cultural;C;Micronesia (Federated States of);Asia and the Pacific;fsm
1259;Orkhon Valley Cultural Landscape;2004;0;102,678482;47,479214;121967;(ii)(iii)(iv);Cultural;C;Mongolia;Asia and the Pacific;mng
1773;Petroglyphic Complexes of the Mongolian Altai;2011;0;88,39527778;49,33388889;11300;(iii);Cultural;C;Mongolia;Asia and the Pacific;mng
2018;Great Burkhan Khaldun Mountain and its surrounding sacred landscape;2015;0;109,0093278;48,76197778;443739,2;(iv)(vi);Cultural;C;Mongolia;Asia and the Pacific;mng
2494;Deer Stone Monuments and Related Bronze Age Sites;2023;0;101,2258333;47,74277778;9768,87;(i)(iii);Cultural;C;Mongolia;Asia and the Pacific;mng
109;Durmitor National Park;1980;0;19,0166;43,133;32100;(vii)(viii)(x);Natural;N;Montenegro;Europe and North America;mne
2122;Natural and Culturo-Historical Region of Kotor;1979;0;18,7;42,48333;14600;(i)(ii)(iii)(iv);Cultural;C;Montenegro;Europe and North America;mne
188;Medina of Fez;1981;0;-4,97778;34,06111;280;(ii)(v);Cultural;C;Morocco;Arab States;mar
376;Medina of Marrakesh;1985;0;-7,98667;31,63139;1107;(i)(ii)(iv)(v);Cultural;C;Morocco;Arab States;mar
515;Ksar of Ait-Ben-Haddou;1987;0;-7,12889;31,04722;3,03;(iv)(v);Cultural;C;Morocco;Arab States;mar
888;Medina of Essaouira (formerly Mogador);2001;0;-9,770305556;31,51411111;56,7;(ii)(iv);Cultural;C;Morocco;Arab States;mar
937;Historic City of Meknes;1996;0;-5,55833;33,88333;;(iv);Cultural;C;Morocco;Arab States;mar
1625;Archaeological Site of Volubilis;1997;0;-5,55694;34,07389;42;(ii)(iii)(iv)(vi);Cultural;C;Morocco;Arab States;mar
986;Medina of Tétouan (formerly known as Titawin);1997;0;-5,36667;35,57083;6,5;(ii)(iv)(v);Cultural;C;Morocco;Arab States;mar
1234;Portuguese City of Mazagan (El Jadida);2004;0;-8,50194;33,25667;7,5;(ii)(iv);Cultural;C;Morocco;Arab States;mar
1825;Rabat, Modern Capital and Historic City: a Shared Heritage;2012;0;-6,822777778;34,02416667;348,59;(ii)(iv);Cultural;C;Morocco;Arab States;mar
709;Island of Mozambique;1991;0;40,73583;-15,03417;95,7;(iv)(vi);Cultural;C;Mozambique;Africa;moz
1987;Pyu Ancient Cities;2014;0;95,81861111;22,47;5809;(ii)(iii)(iv);Cultural;C;Myanmar;Asia and the Pacific;mmr
2283;Bagan;2019;0;94,88444444;21,14888889;5005,49;(iii)(iv)(vi);Cultural;C;Myanmar;Asia and the Pacific;mmr
1432;Twyfelfontein or /Ui-//aes;2007;0;14,376;-20,597;57,4269;(iii)(v);Cultural;C;Namibia;Africa;nam
1915;Namib Sand Sea;2013;0;15,40777778;-24,88527778;3077700;(vii)(viii)(ix)(x);Natural;N;Namibia;Africa;nam
132;Sagarmatha National Park;1979;0;86,91306;27,96528;124400;(vii);Natural;N;Nepal;Asia and the Pacific;npl
1448;Kathmandu Valley;1979;0;85,30858;27,70395;167,37;(iii)(iv)(vi);Cultural;C;Nepal;Asia and the Pacific;npl
318;Chitwan National Park;1984;0;84,33333;27,5;93200;(vii)(ix)(x);Natural;N;Nepal;Asia and the Pacific;npl
788;Lumbini, the Birthplace of the Lord Buddha;1997;0;83,27611;27,46889;1,95;(iii)(vi);Cultural;C;Nepal;Asia and the Pacific;npl
872;Schokland and Surroundings;1995;0;5,771666667;52,63861111;1306;(iii)(v);Cultural;C;Netherlands (Kingdom of the);Europe and North America;nld
2352;Dutch Water Defence Lines;1996;0;4,791388889;52,555;55404,9;(ii)(iv)(v);Cultural;C;Netherlands (Kingdom of the);Europe and North America;nld
966;Mill Network at Kinderdijk-Elshout;1997;0;4,649444444;51,8825;322;(i)(ii)(iv);Cultural;C;Netherlands (Kingdom of the);Europe and North America;nld
967;Historic Area of Willemstad, Inner City and Harbour, Curaçao;1997;0;-68,90222;12,10194;86;(ii)(iv)(v);Cultural;C;Netherlands (Kingdom of the);Europe and North America;nld
1018;Ir.D.F. Woudagemaal (D.F. Wouda Steam Pumping Station);1998;0;5,67889;52,84583;7,32;(i)(ii)(iv);Cultural;C;Netherlands (Kingdom of the);Europe and North America;nld
1051;Droogmakerij de Beemster (Beemster Polder);1999;0;4,911111111;52,54888889;7208;(i)(ii)(iv);Cultural;C;Netherlands (Kingdom of the);Europe and North America;nld
1129;Rietveld Schröderhuis (Rietveld Schröder House);2000;0;5,147555556;52,08533333;0,0075;(i)(ii);Cultural;C;Netherlands (Kingdom of the);Europe and North America;nld
1666;Seventeenth-Century Canal Ring Area of Amsterdam inside the Singelgracht;2010;0;4,887777778;52,365;198,2;(i)(ii)(iv);Cultural;C;Netherlands (Kingdom of the);Europe and North America;nld
1984;Van Nellefabriek;2014;0;4,4325;51,92444444;6,94;(ii)(iv);Cultural;C;Netherlands (Kingdom of the);Europe and North America;nld
2470;Eisinga Planetarium in Franeker;2023;0;5,543752778;53,187375;0,009;(iv);Cultural;C;Netherlands (Kingdom of the);Europe and North America;nld
487;Tongariro National Park;1990;0;175,5622222;-39,29083333;79596;(vi)(vii)(viii);Mixed;C/N;New Zealand;Asia and the Pacific;nzl
648;Te Wahipounamu – South West New Zealand;1990;0;167,3196111;-45,03602778;2600000;(vii)(viii)(ix)(x);Natural;N;New Zealand;Asia and the Pacific;nzl
1029;New Zealand Sub-Antarctic Islands;1998;0;166,1044444;-50,75;76458;(ix)(x);Natural;N;New Zealand;Asia and the Pacific;nzl
728;Ruins of León Viejo;2000;0;-86,616336;12,40047;31,87;(iii)(iv);Cultural;C;Nicaragua;Latin America and the Caribbean;nic
1789;León Cathedral;2011;0;-86,87805556;12,435;0,77;(ii)(iv);Cultural;C;Nicaragua;Latin America and the Caribbean;nic
678;Air and Ténéré Natural Reserves;1991;1;9,661999998;19,07619264;7736000;(vii)(ix)(x);Natural;N;Niger;Africa;ner
1905;Historic Centre of Agadez;2013;0;7,991388889;16,97361111;77,6;(ii)(iii);Cultural;C;Niger;Africa;ner
1093;Sukur Cultural Landscape;1999;0;13,57194;10,74056;764,4;(iii)(v)(vi);Cultural;C;Nigeria;Africa;nga
1298;Osun-Osogbo Sacred Grove;2005;0;4,55222;7,75556;75;(ii)(iii)(vi);Cultural;C;Nigeria;Africa;nga
1667;Røros Mining Town and the Circumference;1980;0;11,38555556;62,57388889;16510;(iii)(iv)(v);Cultural;C;Norway;Europe and North America;nor
62;Urnes Stave Church;1979;0;7,322678289;61,29825949;0,21;(i)(ii)(iii);Cultural;C;Norway;Europe and North America;nor
63;Bryggen;1979;0;5,32306;60,39722;1,196;(iii);Cultural;C;Norway;Europe and North America;nor
403;Rock Art of Alta;1985;0;23,18333;69,95;53,59;(iii);Cultural;C;Norway;Europe and North America;nor
2254;Vegaøyan – The Vega Archipelago;2004;0;11,75;65,61667;107294;(v);Cultural;C;Norway;Europe and North America;nor
1372;West Norwegian Fjords – Geirangerfjord and Nærøyfjord;2005;0;7,16667;62,11667;122712;(vii)(viii);Natural;N;Norway;Europe and North America;nor
2047;Rjukan-Notodden Industrial Heritage Site;2015;0;8,593611111;59,87861111;4959,5;(ii)(iv);Cultural;C;Norway;Europe and North America;nor
502;Bahla Fort;1987;0;57,30111;22,96417;0;(iv);Cultural;C;Oman;Arab States;omn
503;Archaeological Sites of Bat, Al-Khutm and Al-Ayn;1988;0;56,745;23,26986;0;(iii)(iv);Cultural;C;Oman;Arab States;omn
1180;Land of Frankincense;2000;0;53,64759;18,25333;849,88;(iii)(iv);Cultural;C;Oman;Arab States;omn
1384;<i>Aflaj</i> Irrigation Systems of Oman;2006;0;57,53605556;22,99888889;1455,949;(v);Cultural;C;Oman;Arab States;omn
2217;Ancient City of Qalhat;2018;0;59,37811111;22,69522222;75,82;(ii)(iii);Cultural;C;Oman;Arab States;omn
151;Archaeological Ruins at Moenjodaro;1980;0;68,13888889;27,32916667;240;(ii)(iii);Cultural;C;Pakistan;Asia and the Pacific;pak
153;Taxila;1980;0;72,8875;33,77916667;0;(iii)(vi);Cultural;C;Pakistan;Asia and the Pacific;pak
154;Buddhist Ruins of Takht-i-Bahi and Neighbouring City Remains at Sahr-i-Bahlol;1980;0;71,94583333;34,32083333;50,73;(iv);Cultural;C;Pakistan;Asia and the Pacific;pak
158;Historical Monuments at Makli, Thatta;1981;0;67,9;24,76666667;0;(iii);Cultural;C;Pakistan;Asia and the Pacific;pak
189;Fort and Shalamar Gardens in Lahore;1981;0;74,30972222;31,59027778;0;(i)(ii)(iii);Cultural;C;Pakistan;Asia and the Pacific;pak
693;Rohtas Fort;1997;0;73,58888889;32,9625;0;(ii)(iv);Cultural;C;Pakistan;Asia and the Pacific;pak
1801;Rock Islands Southern Lagoon;2012;0;134,3525;7,246925;100200;(iii)(v)(vii)(ix)(x);Mixed;C/N;Palau;Asia and the Pacific;plw
148;Fortifications on the Caribbean Side of Panama: Portobelo-San Lorenzo;1980;1;-79,65583333;9,553888889;0;(i)(iv);Cultural;C;Panama;Latin America and the Caribbean;pan
177;Darien National Park;1981;0;-77,54722222;7,736111111;579000;(vii)(ix)(x);Natural;N;Panama;Latin America and the Caribbean;pan
1319;Coiba National Park and its Special Zone of Marine Protection;2005;0;-81,766;7,433;270125;(ix)(x);Natural;N;Panama;Latin America and the Caribbean;pan
2666;The Colonial Transisthmian Route of Panamá;2025;0;-79,999775;9,323172222;689,88;(ii)(iv);Cultural;C;Panama;Latin America and the Caribbean;pan
1546;Kuk Early Agricultural Site;2008;0;144,3317222;-5,783711111;116;(iii)(iv);Cultural;C;Papua New Guinea;Asia and the Pacific;png
768;Jesuit Missions of La Santísima Trinidad de Paraná and Jesús de Tavarangue;1993;0;-55,702672;-27,131613;27,88;(iv);Cultural;C;Paraguay;Latin America and the Caribbean;pry
304;City of Cuzco;1983;0;-71,980004;-13,517276;142,48;(iii)(iv);Cultural;C;Peru;Latin America and the Caribbean;per
305;Historic Sanctuary of Machu Picchu;1983;0;-72,533443;-13,184934;38160,87;(i)(iii)(vii)(ix);Mixed;C/N;Peru;Latin America and the Caribbean;per
375;Chavin (Archaeological Site);1985;0;-77,1784535;-9,592772544;14,79;(iii);Cultural;C;Peru;Latin America and the Caribbean;per
379;Huascarán National Park;1985;0;-77,4;-9,33333;340000;(vii)(viii);Natural;N;Peru;Latin America and the Caribbean;per
419;Chan Chan Archaeological Zone;1986;1;-79,074737;-8,107836;1414,57;(i)(iii);Cultural;C;Peru;Latin America and the Caribbean;per
1705;Manú National Park;1987;0;-71,75;-12,25;1716295,22;(ix)(x);Natural;N;Peru;Latin America and the Caribbean;per
2564;Historic Centre of Lima;1988;0;-77,0304;-12,046542;277,99;(iv);Cultural;C;Peru;Latin America and the Caribbean;per
644;Río Abiseo National Park;1990;0;-77,25;-7,75;272407,95;(iii)(vii)(ix)(x);Mixed;C/N;Peru;Latin America and the Caribbean;per
828;Lines and Geoglyphs of Nasca and Palpa;1994;0;-75,14861;-14,72583;75358,47;(i)(iii)(iv);Cultural;C;Peru;Latin America and the Caribbean;per
1186;Historical Centre of the City of Arequipa;2000;0;-71,536777;-16,398353;166,52;(i)(iv);Cultural;C;Peru;Latin America and the Caribbean;per
1615;Sacred City of Caral-Supe;2009;0;-77,52138889;-10,89166667;626,36;(ii)(iii)(iv);Cultural;C;Peru;Latin America and the Caribbean;per
2348;Chankillo Archaeoastronomical Complex;2021;0;-78,23591667;-9,556861111;4480;(i)(iv);Cultural;C;Peru;Latin America and the Caribbean;per
586;Historic City of Vigan;1999;0;120,3875;17,575;17,25;(ii)(iv);Cultural;C;Philippines;Asia and the Pacific;phl
773;Puerto-Princesa Subterranean River National Park;1999;0;118,9166667;10,16666667;22202;(vii)(x);Natural;N;Philippines;Asia and the Pacific;phl
1554;Tubbataha Reefs Natural Park;1993;0;119,8675;8,953333333;96828;(vii)(ix)(x);Natural;N;Philippines;Asia and the Pacific;phl
1955;Baroque Churches of the Philippines;1993;0;120,97;14,59;;(ii)(iv);Cultural;C;Philippines;Asia and the Pacific;phl
853;Rice Terraces of the Philippine Cordilleras;1995;0;121,13667;16,93389;0;(iii)(iv)(v);Cultural;C;Philippines;Asia and the Pacific;phl
2010;Mount Hamiguitan Range Wildlife Sanctuary;2014;0;126,1734306;6,717169444;16923,07;(x);Natural;N;Philippines;Asia and the Pacific;phl
1739;Historic Centre of Kraków;1978;0;19,93722222;50,06138889;149,65;(iv);Cultural;C;Poland;Europe and North America;pol
2068;Historic Centre of Warsaw;1980;0;21,013;52,25;25,93;(ii)(vi);Cultural;C;Poland;Europe and North America;pol
34;Auschwitz Birkenau <br /><small>German Nazi Concentration and Extermination Camp (1940-1945)</small>;1979;0;19,175;50,03888889;191,97;(vi);Cultural;C;Poland;Europe and North America;pol
1854;Wieliczka and Bochnia Royal Salt Mines;1978;0;20,06388889;49,97916667;1104,947;(iv);Cultural;C;Poland;Europe and North America;pol
666;Old City of Zamość;1992;0;23,25277778;50,71694444;75,0391;(iv);Cultural;C;Poland;Europe and North America;pol
984;Medieval Town of Toruń;1997;0;18,60416667;53,01055556;48;(ii)(iv);Cultural;C;Poland;Europe and North America;pol
998;Castle of the Teutonic Order in Malbork;1997;0;19,02972222;54,041;18,038;(ii)(iii)(iv);Cultural;C;Poland;Europe and North America;pol
1058;Kalwaria Zebrzydowska: the Mannerist Architectural and Park Landscape Complex and Pilgrimage Park;1999;0;19,676361;49,86668;380;(ii)(iv);Cultural;C;Poland;Europe and North America;pol
1489;Wooden Churches of Southern Małopolska;2003;0;21,23333333;49,75;8,26;(iii)(iv);Cultural;C;Poland;Europe and North America;pol
1228;Churches of Peace in Jawor and Świdnica;2001;0;16,19594444;51,05427778;0,23;(iii)(iv)(vi);Cultural;C;Poland;Europe and North America;pol
1343;Centennial Hall in Wrocław;2006;0;17,07701389;51,10694722;36,69;(i)(ii)(iv);Cultural;C;Poland;Europe and North America;pol
2165;Tarnowskie Góry Lead-Silver-Zinc Mine and its Underground Water Management System;2017;0;18,85122778;50,44269722;1672,76;(i)(ii)(iv);Cultural;C;Poland;Europe and North America;pol
2302;Krzemionki Prehistoric Striped Flint Mining Region;2019;0;21,50230556;50,96797222;349,2;(iii)(iv);Cultural;C;Poland;Europe and North America;pol
227;Central Zone of the Town of Angra do Heroismo in the Azores;1983;0;-27,22;38,655;0;(iv)(vi);Cultural;C;Portugal;Europe and North America;prt
1630;Monastery of the Hieronymites and Tower of Belém in Lisbon;1983;0;-9,21583;38,69194;2,66;(iii)(vi);Cultural;C;Portugal;Europe and North America;prt
294;Monastery of Batalha;1983;0;-8,82694;39,65778;0,98;(i)(ii);Cultural;C;Portugal;Europe and North America;prt
295;Convent of Christ in Tomar;1983;0;-8,4175;39,60472;0;(i)(vi);Cultural;C;Portugal;Europe and North America;prt
414;Historic Centre of Évora;1986;0;-7,90778;38,57306;0;(ii)(iv);Cultural;C;Portugal;Europe and North America;prt
589;Monastery of Alcobaça;1989;0;-8,97667;39,55;0;(i)(iv);Cultural;C;Portugal;Europe and North America;prt
854;Cultural Landscape of Sintra;1995;0;-9,41667;38,78333;946;(ii)(iv)(v);Cultural;C;Portugal;Europe and North America;prt
890;Historic Centre of Oporto, Luiz I Bridge and Monastery of Serra do Pilar;1996;0;-8,616666667;41,14166667;0;(iv);Cultural;C;Portugal;Europe and North America;prt
1090;Laurisilva of Madeira;1999;0;-17;32,76666667;15000;(ix)(x);Natural;N;Portugal;Europe and North America;prt
2485;Historic Centre of Guimarães and Couros Zone;2001;0;-8,292777778;41,443;38,2;(ii)(iii)(iv);Cultural;C;Portugal;Europe and North America;prt
1220;Alto Douro Wine Region;2001;0;-7,798888889;41,10166667;24600;(iii)(iv)(v);Cultural;C;Portugal;Europe and North America;prt
1297;Landscape of the Pico Island Vineyard Culture;2004;0;-28,54116667;38,51344444;987;(iii)(v);Cultural;C;Portugal;Europe and North America;prt
1956;Garrison Border Town of Elvas and its Fortifications;2012;0;-7,163322222;38,88061944;179,3559;(iv);Cultural;C;Portugal;Europe and North America;prt
2360;University of Coimbra – Alta and Sofia;2013;0;-8,425775;40,20781111;36,2;(ii)(iv)(vi);Cultural;C;Portugal;Europe and North America;prt
2276;Royal Building of <i>Mafra</i> – Palace, Basilica, Convent, <i>Cerco</i> Garden and Hunting Park (<i>Tapada</i>);2019;0;-9,325527778;38,93716667;1213,17;(iv);Cultural;C;Portugal;Europe and North America;prt
2280;Sanctuary of Bom Jesus do Monte in Braga;2019;0;-8,377027778;41,55494444;26;(iv);Cultural;C;Portugal;Europe and North America;prt
1948;Al Zubarah Archaeological Site;2013;0;51,02972222;25,97805556;415,66;(iii)(iv)(v);Cultural;C;Qatar;Arab States;qat
869;Seokguram Grotto and Bulguksa Temple;1995;0;129,349029;35,791498;0;(i)(iv);Cultural;C;Republic of Korea;Asia and the Pacific;kor
870;Haeinsa Temple Janggyeong Panjeon, the Depositories for the <I>Tripitaka Koreana</I> Woodblocks;1995;0;128,098711;35,801672;0;(iv)(vi);Cultural;C;Republic of Korea;Asia and the Pacific;kor
871;Jongmyo Shrine;1995;0;126,9936111;37,57472222;19,4;(iv);Cultural;C;Republic of Korea;Asia and the Pacific;kor
964;Changdeokgung Palace Complex;1997;0;126,9911111;37,57888889;0;(ii)(iii)(iv);Cultural;C;Republic of Korea;Asia and the Pacific;kor
965;Hwaseong Fortress;1997;0;127,00833;37,27222;0;(ii)(iii);Cultural;C;Republic of Korea;Asia and the Pacific;kor
1140;Gyeongju Historic Areas;2000;0;129,22667;35,78889;2880;(ii)(iii);Cultural;C;Republic of Korea;Asia and the Pacific;kor
1141;Gochang, Hwasun and Ganghwa Dolmen Sites;2000;0;126,92917;34,96667;51,65;(iii);Cultural;C;Republic of Korea;Asia and the Pacific;kor
2314;Jeju Volcanic Island and Lava Tubes;2007;0;126,7202778;33,46888889;9521,8;(vii)(viii);Natural;N;Republic of Korea;Asia and the Pacific;kor
1957;Royal Tombs of the Joseon Dynasty;2009;0;128,4527778;37,19722222;1891,2;(iii)(iv)(vi);Cultural;C;Republic of Korea;Asia and the Pacific;kor
1688;Historic Villages of Korea: Hahoe and Yangdong;2010;0;128,5166667;36,53916667;599,6;(iii)(iv);Cultural;C;Republic of Korea;Asia and the Pacific;kor
1982;Namhansanseong;2014;0;127,1811111;37,47888889;409,06;(ii)(iv);Cultural;C;Republic of Korea;Asia and the Pacific;kor
2038;Baekje Historic Areas;2015;0;127,1272222;36,46194444;135,1;(ii)(iii);Cultural;C;Republic of Korea;Asia and the Pacific;kor
2278;Seowon, Korean Neo-Confucian Academies;2019;0;128,8434278;36,72729722;102,49;(iii);Cultural;C;Republic of Korea;Asia and the Pacific;kor
2227;Sansa, Buddhist Mountain Monasteries in Korea;2018;0;127,8333333;36,54194444;55,43;(iii);Cultural;C;Republic of Korea;Asia and the Pacific;kor
2343;Getbol, Korean Tidal Flats;2021;0;126,1044444;34,82882222;128411;(x);Natural;N;Republic of Korea;Asia and the Pacific;kor
2432;Gaya Tumuli;2023;0;128,873725;35,23726389;189;(iii);Cultural;C;Republic of Korea;Asia and the Pacific;kor
2593;Petroglyphs along the Bangucheon Stream;2025;0;129,1739972;35,60845;43,69;(i)(iii);Cultural;C;Republic of Korea;Asia and the Pacific;kor
695;Danube Delta;1991;0;29,5;45,08333;312440;(vii)(x);Natural;N;Romania;Europe and North America;rou
705;Villages with Fortified Churches in Transylvania;1993;0;24,77305556;46,13583333;553;(iv);Cultural;C;Romania;Europe and North America;rou
706;Monastery of Horezu;1993;0;24,00722222;45,16972222;22,48;(ii);Cultural;C;Romania;Europe and North America;rou
1728;Churches of Moldavia;1993;0;25,71277778;47,77833333;;(i)(iv);Cultural;C;Romania;Europe and North America;rou
1055;Historic Centre of Sighişoara;1999;0;24,79222222;46,21777778;33;(iii)(v);Cultural;C;Romania;Europe and North America;rou
1057;Wooden Churches of Maramureş;1999;0;24,05583333;47,82083333;0;(iv);Cultural;C;Romania;Europe and North America;rou
1059;Dacian Fortresses of the Orastie Mountains;1999;0;23,31194444;45,62305556;0;(ii)(iii)(iv);Cultural;C;Romania;Europe and North America;rou
2553;Brâncuși Monumental Ensemble of Târgu Jiu;2024;0;23,27877778;45,03827778;26,58;(i)(ii);Cultural;C;Romania;Europe and North America;rou
2402;Roșia Montană Mining Landscape;2021;1;23,13055556;46,30611111;;(ii)(iii)(iv);Cultural;C;Romania;Europe and North America;rou
2536;Frontiers of the Roman Empire – Dacia;2024;0;23,15941111;47,18078889;1491,6;(ii)(iii)(iv);Cultural;C;Romania;Europe and North America;rou
1958;Historic Centre of Saint Petersburg and Related Groups of Monuments;1990;0;30,31833;59,95;3934,1;(i)(ii)(iv)(vi);Cultural;C;Russian Federation;Europe and North America;rus
639;Kizhi Pogost;1990;0;35,22436111;62,06758333;0,57;(i)(iv)(v);Cultural;C;Russian Federation;Europe and North America;rus
640;Kremlin and Red Square, Moscow;1990;0;37,62041667;55,75402778;42,1;(i)(ii)(iv)(vi);Cultural;C;Russian Federation;Europe and North America;rus
716;Historic Monuments of Novgorod and Surroundings;1992;0;31,28333;58,53333;0;(ii)(iv)(vi);Cultural;C;Russian Federation;Europe and North America;rus
750;Cultural and Historic Ensemble of the Solovetsky Islands;1992;0;35,66666667;65,08333333;28834;(iv);Cultural;C;Russian Federation;Europe and North America;rus
752;White Monuments of Vladimir and Suzdal;1992;0;40,41666667;56,15;0;(i)(ii)(iv);Cultural;C;Russian Federation;Europe and North America;rus
754;Church of the Ascension, Kolomenskoye;1994;0;37,67389;55,65556;0;(ii);Cultural;C;Russian Federation;Europe and North America;rus
778;Architectural Ensemble of the Trinity Sergius Lavra in Sergiev Posad;1993;0;38,1312;56,31035;22,75;(ii)(iv);Cultural;C;Russian Federation;Europe and North America;rus
850;Virgin Komi Forests;1995;0;58,9525;63,62583333;3280000;(vii)(ix);Natural;N;Russian Federation;Europe and North America;rus
889;Lake Baikal;1996;0;107,6625;53,17361111;8800000;(vii)(viii)(ix)(x);Natural;N;Russian Federation;Europe and North America;rus
902;Volcanoes of Kamchatka;1996;0;158,5;56,33333333;3995769,37;(vii)(viii)(ix)(x);Natural;N;Russian Federation;Europe and North America;rus
2211;Central Sikhote-Alin;2001;0;136,6611111;46,68333333;1566818;(x);Natural;N;Russian Federation;Europe and North America;rus
907;Golden Mountains of Altai;1998;0;86;50,46666667;1611457;(x);Natural;N;Russian Federation;Europe and North America;rus
1052;Western Caucasus;1999;0;40;44;298903;(ix)(x);Natural;N;Russian Federation;Europe and North America;rus
1144;Historic and Architectural Complex of the Kazan Kremlin;2000;0;49,10646024;55,79945266;13,45;(ii)(iii)(iv);Cultural;C;Russian Federation;Europe and North America;rus
2009;Bolgar Historical and Archaeological Complex;2014;0;49,05638889;54,97888889;424;(ii)(vi);Cultural;C;Russian Federation;Europe and North America;rus
1146;Ensemble of the Ferapontov Monastery;2000;0;38,56666667;59,95;2,1;(i)(iv);Cultural;C;Russian Federation;Europe and North America;rus
1194;Natural System of Wrangel Island Reserve;2004;0;-179,7152778;71,18888889;1916300;(ix)(x);Natural;N;Russian Federation;Europe and North America;rus
1247;Citadel, Ancient City and Fortress Buildings of Derbent;2003;0;48,28277778;42,05583333;37,658;(iii)(iv);Cultural;C;Russian Federation;Europe and North America;rus
1275;Ensemble of the Novodevichy Convent;2004;0;37,55508333;55,72611111;5,18;(i)(iv)(vi);Cultural;C;Russian Federation;Europe and North America;rus
1347;Historical Centre of the City of Yaroslavl;2005;0;39,87611;57,65278;110;(ii)(iv);Cultural;C;Russian Federation;Europe and North America;rus
1644;Putorana Plateau;2010;0;94,15805556;69,04694444;1887251;(vii)(ix);Natural;N;Russian Federation;Europe and North America;rus
2116;Lena Pillars Nature Park;2012;0;127;60,66666667;1387000;(viii);Natural;N;Russian Federation;Europe and North America;rus
2269;Churches of the Pskov School of Architecture;2019;0;28,32855556;57,80719444;19,32;(ii);Cultural;C;Russian Federation;Europe and North America;rus
2168;Assumption Cathedral and Monastery of the town-island of Sviyazhsk;2017;0;48,65277778;55,77027778;3,25;(ii)(iv);Cultural;C;Russian Federation;Europe and North America;rus
2401;Petroglyphs of Lake Onega and the White Sea;2021;0;36,01263889;61,7299;;(iii);Cultural;C;Russian Federation;Europe and North America;rus
2500;Astronomical Observatories of Kazan Federal University;2023;0;49,11909722;55,79090833;19,02;(ii)(iv);Cultural;C;Russian Federation;Europe and North America;rus
2558;Cultural Landscape of Kenozero Lake;2024;0;38,17261111;61,928;71030,91;(iii);Cultural;C;Russian Federation;Europe and North America;rus
2596;Rock Paintings of Shulgan-Tash Cave;2025;0;57,07202778;53,04944444;288,5;(iii);Cultural;C;Russian Federation;Europe and North America;rus
2522;Memorial sites of the Genocide: Nyamata, Murambi, Gisozi and Bisesero;2023;0;29,56772222;-2,455527778;24,65;(vi);Cultural;C;Rwanda;Africa;rwa
2492;Nyungwe National Park;2023;0;29,24733333;-2,5553;101963,67;(x);Natural;N;Rwanda;Africa;rwa
1063;Brimstone Hill Fortress National Park;1999;0;-62,83722;17,34694;15,37;(iii)(iv);Cultural;C;Saint Kitts and Nevis;Latin America and the Caribbean;kna
1341;Pitons Management Area;2004;0;-61,07036111;13,80708333;2909;(vii)(viii);Natural;N;Saint Lucia;Latin America and the Caribbean;lca
1535;San Marino Historic Centre and Mount Titano;2008;0;12,45194444;43,93277778;55;(iii);Cultural;C;San Marino;Europe and North America;smr
1524;Hegra Archaeological Site (al-Hijr / Madā ͐ in Ṣāliḥ);2008;0;37,955;26,78361111;1621,2;(ii)(iii);Cultural;C;Saudi Arabia;Arab States;sau
1659;At-Turaif District in ad-Dir'iyah;2010;0;46,57246667;24,73413333;28,78;(iv)(v)(vi);Cultural;C;Saudi Arabia;Arab States;sau
1968;Historic Jeddah, the Gate to Makkah;2014;0;39,1875;21,48388889;17,92;(ii)(iv)(vi);Cultural;C;Saudi Arabia;Arab States;sau
2033;Rock Art in the Hail Region of Saudi Arabia;2015;0;40,91305556;28,01055556;2043,8;(i)(iii);Cultural;C;Saudi Arabia;Arab States;sau
2228;Al-Ahsa Oasis, an Evolving Cultural Landscape;2018;0;49,63056944;25,40216667;8544;(iii)(iv)(v);Cultural;C;Saudi Arabia;Arab States;sau
2614;Ḥimā Cultural Area;2021;0;44,54533611;18,31671111;242,17;(iii);Cultural;C;Saudi Arabia;Arab States;sau
2495;‘Uruq Bani Ma’arid;2023;0;45,59833333;19,36388889;1276500;(vii)(ix);Natural;N;Saudi Arabia;Arab States;sau
2530;The Cultural Landscape of Al-Faw Archaeological Area;2024;0;45,16338889;19,76491667;4847,73;(ii)(v);Cultural;C;Saudi Arabia;Arab States;sau
28;Djoudj National Bird Sanctuary;1981;0;-16,237906;16,414602;16000;(vii)(x);Natural;N;Senegal;Africa;sen
29;Island of Gorée;1978;0;-17,40083;14,66722;0;(vi);Cultural;C;Senegal;Africa;sen
171;Niokolo-Koba National Park;1981;0;-12,899781;12,841271;913000;(x);Natural;N;Senegal;Africa;sen
1561;Island of Saint-Louis;2000;0;-16,50444;16,02778;0;(ii)(iv);Cultural;C;Senegal;Africa;sen
1754;Saloum Delta;2011;0;-16,49861111;13,83527778;145811;(iii)(iv)(v);Cultural;C;Senegal;Africa;sen
1832;Bassari Country: Bassari, Fula and Bedik Cultural Landscapes;2012;0;-12,84583333;12,59333333;50309;(iii)(v)(vi);Cultural;C;Senegal;Africa;sen
104;Stari Ras and Sopoćani;1979;0;20,42278;43,11889;198,72;(i)(iii);Cultural;C;Serbia;Europe and North America;srb
449;Studenica Monastery;1986;0;20,53166667;43,48652778;1,16;(i)(ii)(iv)(vi);Cultural;C;Serbia;Europe and North America;srb
856;Medieval Monuments in Kosovo;2004;1;20,26555556;42,66111111;2,8802;(ii)(iii)(iv);Cultural;C;Serbia;Europe and North America;srb
1430;Gamzigrad-Romuliana, Palace of Galerius;2007;0;22,18611111;43,89930556;179,217;(iii)(iv);Cultural;C;Serbia;Europe and North America;srb
205;Aldabra Atoll;1982;0;46,41666667;-9,416666667;35000;(vii)(ix)(x);Natural;N;Seychelles;Africa;syc
291;Vallée de Mai Nature Reserve;1983;0;55,738;-4,331;19,5;(vii)(viii)(ix)(x);Natural;N;Seychelles;Africa;syc
2600;Gola-Tiwai Complex;2025;0;-11,34788889;7,541166667;71202,7;(ix)(x);Natural;N;Sierra Leone;Africa;sle
2044;Singapore Botanic Gardens;2015;0;103,8161111;1,315277778;49;(ii)(iv);Cultural;C;Singapore;Asia and the Pacific;sgp
734;Historic Town of Banská Štiavnica and the Technical Monuments in its Vicinity;1993;0;18,9;48,46111;20632;(iv)(v);Cultural;C;Slovakia;Europe and North America;svk
1537;Levoča, Spišský Hrad and the Associated Cultural Monuments;1993;0;20,7675;48,99944444;1351,2252;(iv);Cultural;C;Slovakia;Europe and North America;svk
740;Vlkolínec;1993;0;19,27833333;49,03916667;4,9;(iv)(v);Cultural;C;Slovakia;Europe and North America;svk
1137;Bardejov Town Conservation Reserve;2000;0;21,27555556;49,29277778;23,6;(iii)(iv);Cultural;C;Slovakia;Europe and North America;svk
1491;Wooden Churches of the Slovak part of the Carpathian Mountain Area;2008;0;19,55833333;49,33611111;2,5644;(iii)(iv);Cultural;C;Slovakia;Europe and North America;svk
450;Škocjan Caves;1986;0;14;45,66667;413;(vii)(viii);Natural;N;Slovenia;Europe and North America;svn
2516;The works of Jože Plečnik in Ljubljana – Human Centred Urban Design;2021;0;14,50222222;46,04333333;19,138;(iv);Cultural;C;Slovenia;Europe and North America;svn
1005;East Rennell;1998;1;160,33333;-11,68333;37000;(ix);Natural;N;Solomon Islands;Asia and the Pacific;slb
1069;Fossil Hominid Sites of South Africa;1999;0;29,17694;-24,15861;0;(iii)(vi);Cultural;C;South Africa;Africa;zaf
1070;Robben Island;1999;0;18,36666667;-33,8;475;(iii)(vi);Cultural;C;South Africa;Africa;zaf
2013;Cape Floral Region Protected Areas;2004;0;18,47503218;-34,35580512;1094742;(ix)(x);Natural;N;South Africa;Africa;zaf
2061;Mapungubwe Cultural Landscape;2003;0;29,23889;-22,1925;28168,6602;(ii)(iii)(iv)(v);Cultural;C;South Africa;Africa;zaf
1342;Vredefort Dome;2005;0;27,26;-26,86;30000;(viii);Natural;N;South Africa;Africa;zaf
1442;Richtersveld Cultural and Botanical Landscape;2007;0;17,20388889;-28,6;160000;(iv)(v);Cultural;C;South Africa;Africa;zaf
2133;ǂKhomani Cultural Landscape;2017;0;20,37458333;-25,68761111;959100;(v)(vi);Cultural;C;South Africa;Africa;zaf
2240;Barberton Makhonjwa Mountains;2018;0;31,01388889;-25,97388889;113137;(viii);Natural;N;South Africa;Africa;zaf
2502;Human Rights, Liberation and Reconciliation: Nelson Mandela Legacy Sites;2024;0;28,21179167;-25,74069167;42,04;(vi);Cultural;C;South Africa;Africa;zaf
2541;The Emergence of Modern Human Behaviour: The Pleistocene Occupation Sites of South Africa;2024;0;18,4525;-32,38638889;57,4;(iii)(iv)(v);Cultural;C;South Africa;Africa;zaf
1506;Cave of Altamira and Paleolithic Cave Art of Northern Spain;1985;0;-4,116166667;43,38252778;0;(i)(iii);Cultural;C;Spain;Europe and North America;esp
2124;Old Town of Segovia and its Aqueduct;1985;0;-4,11675;40,94847222;134,28;(i)(iii)(iv);Cultural;C;Spain;Europe and North America;esp
353;Monuments of Oviedo and the Kingdom of the Asturias;1985;0;-5,84303;43,36262;0,2;(i)(ii)(iv);Cultural;C;Spain;Europe and North America;esp
355;Historic Centre of Cordoba;1984;0;-4,779722222;37,87919444;80,28;(i)(ii)(iii)(iv);Cultural;C;Spain;Europe and North America;esp
357;Alhambra, Generalife and Albayzín, Granada;1984;0;-3,589916667;37,17677778;450;(i)(iii)(iv);Cultural;C;Spain;Europe and North America;esp
2070;Burgos Cathedral;1984;0;-3,704011111;42,34073333;1,03;(ii)(iv)(vi);Cultural;C;Spain;Europe and North America;esp
361;Monastery and Site of the Escurial, Madrid;1984;0;-4,14775;40,58911111;94,11;(i)(ii)(vi);Cultural;C;Spain;Europe and North America;esp
364;Works of Antoni Gaudí;1984;0;2,152972;41,41338;0;(i)(ii)(iv);Cultural;C;Spain;Europe and North America;esp
395;Santiago de Compostela (Old Town);1985;0;-8,54468;42,88076;107,59;(i)(ii)(vi);Cultural;C;Spain;Europe and North America;esp
1562;Old Town of Ávila with its Extra-Muros Churches;1985;0;-4,70012;40,65645;36,4;(iii)(iv);Cultural;C;Spain;Europe and North America;esp
2188;Mudejar Architecture of Aragon;1986;0;-1,10722;40,34389;4,269;(iv);Cultural;C;Spain;Europe and North America;esp
435;Historic City of Toledo;1986;0;-4,024444444;39,85694444;259,85;(i)(ii)(iii)(iv);Cultural;C;Spain;Europe and North America;esp
436;Garajonay National Park;1986;0;-17,23722222;28,12625;3984;(vii)(ix);Natural;N;Spain;Europe and North America;esp
439;Old City of Salamanca;1988;0;-5,6645;40,96525;50,78;(i)(ii)(iv);Cultural;C;Spain;Europe and North America;esp
1747;Cathedral, Alcázar and Archivo de Indias in Seville;1987;0;-5,99155;37,38384;12;(i)(ii)(iii)(vi);Cultural;C;Spain;Europe and North America;esp
2189;Old Town of Cáceres;1986;0;-6,37;39,47444;9;(iii)(iv);Cultural;C;Spain;Europe and North America;esp
481;Ibiza, Biodiversity and Culture;1999;0;1,435194444;38,91113889;9020,3;(ii)(iii)(iv)(ix)(x);Mixed;C/N;Spain;Europe and North America;esp
605;Poblet Monastery;1991;0;1,0825;41,38083;18;(i)(iv);Cultural;C;Spain;Europe and North America;esp
611;Renaissance Monumental Ensembles of Úbeda and Baeza;2003;0;-3,37122;38,01131;9;(ii)(iv);Cultural;C;Spain;Europe and North America;esp
785;Archaeological Ensemble of Mérida;1993;0;-6,33778;38,91611;30,77;(iii)(iv);Cultural;C;Spain;Europe and North America;esp
786;Royal Monastery of Santa María de Guadalupe;1993;0;-5,3275;39,45285;1,1;(iv)(vi);Cultural;C;Spain;Europe and North America;esp
2055;Routes of Santiago de Compostela: <i>Camino Francés</i> and Routes of Northern Spain;1993;0;-6,414722222;43,335;;(ii)(iv)(vi);Cultural;C;Spain;Europe and North America;esp
810;Doñana National Park;1994;0;-6,358861;36,9477;54251,7;(vii)(ix)(x);Natural;N;Spain;Europe and North America;esp
924;Historic Walled Town of Cuenca;1996;0;-2,13174;40,07662;22,79;(ii)(v);Cultural;C;Spain;Europe and North America;esp
925;La Lonja de la Seda de Valencia;1996;0;-0,378444444;39,47441667;0,2;(i)(iv);Cultural;C;Spain;Europe and North America;esp
949;Las Médulas;1997;0;-6,77075;42,46939;2208,2;(i)(ii)(iii)(iv);Cultural;C;Spain;Europe and North America;esp
1631;Palau de la Música Catalana and Hospital de Sant Pau, Barcelona;1997;0;2,175;41,38778;6,87;(i)(ii)(iv);Cultural;C;Spain;Europe and North America;esp
951;San Millán Yuso and Suso Monasteries;1997;0;-2,86496;42,32586;19,01;(ii)(iv)(vi);Cultural;C;Spain;Europe and North America;esp
1026;Rock Art of the Mediterranean Basin on the Iberian Peninsula;1998;0;-1,03331;39,78995;0;(iii);Cultural;C;Spain;Europe and North America;esp
1027;Archaeological Ensemble of Tarraco;2000;0;1,259305556;41,11472222;32,65;(ii)(iii);Cultural;C;Spain;Europe and North America;esp
1028;University and Historic Precinct of Alcalá de Henares;1998;0;-3,368055556;40,48138889;78,38;(ii)(iv)(vi);Cultural;C;Spain;Europe and North America;esp
1084;San Cristóbal de La Laguna;1999;0;-16,31177778;28,47788889;60,38;(ii)(iv);Cultural;C;Spain;Europe and North America;esp
1085;Palmeral of Elche;2000;0;-0,716666667;38,26666667;144;(ii)(v);Cultural;C;Spain;Europe and North America;esp
1151;Roman Walls of Lugo;2000;0;-7,553069941;43,01064079;1,68;(iv);Cultural;C;Spain;Europe and North America;esp
1152;Catalan Romanesque Churches of the Vall de Boí;2000;0;0,803611111;42,50472222;7,98;(ii)(iv);Cultural;C;Spain;Europe and North America;esp
1153;Archaeological Site of Atapuerca;2000;0;-3,515277778;42,34972222;284,119;(iii)(v);Cultural;C;Spain;Europe and North America;esp
1218;Aranjuez Cultural Landscape;2001;0;-3,60934;40,03645;2047,5601;(ii)(iv);Cultural;C;Spain;Europe and North America;esp
1394;Vizcaya Bridge;2006;0;-3,016833333;43,323175;0,8595;(i)(ii);Cultural;C;Spain;Europe and North America;esp
1435;Teide National Park;2007;0;-16,64361111;28,27138889;18990;(vii)(viii);Natural;N;Spain;Europe and North America;esp
1616;Tower of Hercules;2009;0;-8,406388889;43,38583333;233;(iii);Cultural;C;Spain;Europe and North America;esp
1781;Cultural Landscape of the Serra de Tramuntana;2011;0;2,694722222;39,73083333;30745;(ii)(iv)(v);Cultural;C;Spain;Europe and North America;esp
2088;Antequera Dolmens Site;2016;0;-4,544444444;37,025;2446,3;(i)(iii)(iv);Cultural;C;Spain;Europe and North America;esp
2421;Talayotic Menorca;2023;0;3,908888889;39,9975;3527;(iii)(iv);Cultural;C;Spain;Europe and North America;esp
2225;Caliphate City of Medina Azahara;2018;0;-4,867694444;37,88588889;111;(iii)(iv);Cultural;C;Spain;Europe and North America;esp
2263;Risco Caido and the Sacred Mountains of Gran Canaria Cultural Landscape;2019;0;-15,66119444;28,04438889;9425;(iii)(v);Cultural;C;Spain;Europe and North America;esp
2571;Paseo del Prado and Buen Retiro, a landscape of Arts and Sciences;2021;0;-3,687055556;40,41533333;237;(ii)(iv)(vi);Cultural;C;Spain;Europe and North America;esp
221;Sacred City of Anuradhapura;1982;0;80,38333333;8,333333333;0;(ii)(iii)(vi);Cultural;C;Sri Lanka;Asia and the Pacific;lka
222;Ancient City of Polonnaruwa;1982;0;81,00055556;7,915833333;0;(i)(iii)(vi);Cultural;C;Sri Lanka;Asia and the Pacific;lka
223;Ancient City of Sigiriya;1982;0;80,75;7,95;0;(ii)(iii)(iv);Cultural;C;Sri Lanka;Asia and the Pacific;lka
468;Sinharaja Forest Reserve;1988;0;80,5;6,416666667;8864;(ix)(x);Natural;N;Sri Lanka;Asia and the Pacific;lka
522;Sacred City of Kandy;1988;0;80,64027778;7,293611111;0;(iv)(vi);Cultural;C;Sri Lanka;Asia and the Pacific;lka
523;Old Town of Galle and its Fortifications;1988;0;80,216346;6,028051;0;(iv);Cultural;C;Sri Lanka;Asia and the Pacific;lka
663;Rangiri Dambulla Cave Temple;1991;0;80,64916667;7,856666667;0;(i)(vi);Cultural;C;Sri Lanka;Asia and the Pacific;lka
1650;Central Highlands of Sri Lanka;2010;0;80,8021;7,45245;56844;(ix)(x);Natural;N;Sri Lanka;Asia and the Pacific;lka
1922;Birthplace of Jesus: Church of the Nativity and the Pilgrimage Route, Bethlehem;2012;0;35,2075;31,70435278;2,98;(iv)(vi);Cultural;C;State of Palestine;Arab States;pse
2012;Palestine: Land of Olives and Vines – Cultural Landscape of Southern Jerusalem, Battir;2014;1;35,15888889;31,71638889;348,83;(iv)(v);Cultural;C;State of Palestine;Arab States;pse
2230;Hebron/Al-Khalil Old Town;2017;1;35,10833333;31,52444444;20,6;(ii)(iv)(vi);Cultural;C;State of Palestine;Arab States;pse
2475;Ancient Jericho/Tell es-Sultan;2023;0;35,44405556;31,87130556;5,93;(iii)(iv);Cultural;C;State of Palestine;Arab States;pse
2628;Saint Hilarion Monastery/ Tell Umm Amer;2024;1;34,36636111;31,44730556;1,3293;(ii)(iii)(vi);Cultural;C;State of Palestine;Arab States;pse
2177;Sanganeb Marine National Park and Dungonab Bay – Mukkawar Island Marine National Park;2016;0;37,44305556;19,73611111;260700;(vii)(ix)(x);Natural;N;Sudan;Arab States;sdn
1250;Gebel Barkal and the Sites of the Napatan Region;2003;0;31,82802778;18,537;182,5;(i)(ii)(iii)(iv)(vi);Cultural;C;Sudan;Arab States;sdn
1760;Archaeological Sites of the Island of Meroe;2011;0;33,71666667;16,93333333;2357,36;(ii)(iii)(iv)(v);Cultural;C;Sudan;Arab States;sdn
1096;Historic Inner City of Paramaribo;2002;0;-55,15;5,82611;30;(ii)(iv);Cultural;C;Suriname;Latin America and the Caribbean;sur
1187;Central Suriname Nature Reserve;2000;0;-56,5;4;1600000;(ix)(x);Natural;N;Suriname;Latin America and the Caribbean;sur
2467;Jodensavanne Archaeological Site: Jodensavanne Settlement and Cassipora Creek Cemetery;2023;0;-54,98266667;5,431111111;24,8;(iii);Cultural;C;Suriname;Latin America and the Caribbean;sur
653;Birka and Hovgården;1993;0;17,54264;59,33514;437,121;(iii)(iv);Cultural;C;Sweden;Europe and North America;swe
655;Engelsberg Ironworks;1993;0;16,01;59,97;9,596;(iv);Cultural;C;Sweden;Europe and North America;swe
657;Rock Carvings in Tanum;1994;0;11,34111;58,70111;4137,609;(i)(iii)(iv);Cultural;C;Sweden;Europe and North America;swe
659;Skogskyrkogården;1994;0;18,09944;59,27556;108,08;(ii)(iv);Cultural;C;Sweden;Europe and North America;swe
2361;Royal Domain of Drottningholm;1991;0;17,88333;59,32306;162,429;(iv);Cultural;C;Sweden;Europe and North America;swe
864;Hanseatic Town of Visby;1995;0;18,29583;57,64167;0;(iv)(v);Cultural;C;Sweden;Europe and North America;swe
898;Church Town of Gammelstad, Luleå;1996;0;22,02861;65,64611;16,402;(ii)(iv)(v);Cultural;C;Sweden;Europe and North America;swe
916;Laponian Area;1996;0;17,58333;67,33333;940900;(iii)(v)(vii)(viii)(ix);Mixed;C/N;Sweden;Europe and North America;swe
1022;Naval Port of Karlskrona;1998;0;15,58333;56,16667;320,417;(ii)(iv);Cultural;C;Sweden;Europe and North America;swe
1132;Agricultural Landscape of Southern Öland;2000;0;16,48333;56,325;56323;(iv)(v);Cultural;C;Sweden;Europe and North America;swe
1200;Mining Area of the Great Copper Mountain in Falun;2001;0;15,63083;60,60472;42,82;(ii)(iii)(v);Cultural;C;Sweden;Europe and North America;swe
1314;Grimeton Radio Station, Varberg;2004;0;12,38333333;57,1;109,09;(ii)(iv);Cultural;C;Sweden;Europe and North America;swe
1814;Decorated Farmhouses of Hälsingland;2012;0;16,19583333;61,70722222;14,84;(v);Cultural;C;Sweden;Europe and North America;swe
297;Old City of Berne;1983;0;7,45028;46,94806;84,684;(iii);Cultural;C;Switzerland;Europe and North America;che
298;Abbey of St Gall;1983;0;9,37778;47,42333;0;(ii)(iv);Cultural;C;Switzerland;Europe and North America;che
299;Benedictine Convent of St John at Müstair;1983;0;10,44765;46,62945;2,036;(iii);Cultural;C;Switzerland;Europe and North America;che
2572;Three Castles, Defensive Wall and Ramparts of the Market-Town of Bellinzona;2000;0;9,02242;46,19314;14,698;(iv);Cultural;C;Switzerland;Europe and North America;che
1211;Swiss Alps Jungfrau-Aletsch;2001;0;8,033333333;46,5;82400;(vii)(viii)(ix);Natural;N;Switzerland;Europe and North America;che
1497;Swiss Tectonic Arena Sardona;2008;0;9,25;46,91666667;32850;(viii);Natural;N;Switzerland;Europe and North America;che
1420;Lavaux, Vineyard Terraces;2007;0;6,746111111;46,49194444;898;(iii)(iv)(v);Cultural;C;Switzerland;Europe and North America;che
1582;La Chaux-de-Fonds / Le Locle, Watchmaking Town Planning;2009;0;6,832777778;47,10388889;283,9;(iv);Cultural;C;Switzerland;Europe and North America;che
1862;Ancient City of Damascus;1979;1;36,30972222;33,51083333;86,12;(i)(ii)(iii)(iv)(vi);Cultural;C;Syrian Arab Republic;Arab States;syr
24;Ancient City of Aleppo;1986;1;37,16277778;36,19916667;364;(iii)(iv);Cultural;C;Syrian Arab Republic;Arab States;syr
2209;Ancient City of Bosra;1980;1;36,48416667;32,51916667;116,2;(i)(iii)(vi);Cultural;C;Syrian Arab Republic;Arab States;syr
2256;Site of Palmyra;1980;1;38,26666667;34,55416667;1640;(i)(ii)(iv);Cultural;C;Syrian Arab Republic;Arab States;syr
1406;Crac des Chevaliers and Qal’at Salah El-Din;2006;1;36,29444444;34,75666667;8,87;(ii)(iv);Cultural;C;Syrian Arab Republic;Arab States;syr
1761;Ancient Villages of Northern Syria;2011;1;36,84416667;36,33416667;12290;(iii)(iv)(v);Cultural;C;Syrian Arab Republic;Arab States;syr
1651;Proto-urban Site of Sarazm;2010;0;67,45872222;39,50788889;15,93;(ii)(iii);Cultural;C;Tajikistan;Asia and the Pacific;tjk
1907;Tajik National Park (Mountains of the Pamirs);2013;0;72,30527778;38,765;2611674;(vii)(viii);Natural;N;Tajikistan;Asia and the Pacific;tjk
2597;Cultural Heritage Sites of Ancient Khuttal;2025;0;69,29871278;37,74439361;152,409;(ii)(iii);Cultural;C;Tajikistan;Asia and the Pacific;tjk
2472;Tugay forests of the Tigrovaya Balka Nature Reserve;2023;0;68,34138889;37,20472222;49786;(ix);Natural;N;Tajikistan;Asia and the Pacific;tjk
679;Historic Town of Sukhothai and Associated Historic Towns;1991;0;99,78972;17,00722;11852;(i)(iii);Cultural;C;Thailand;Asia and the Pacific;tha
680;Ban Chiang Archaeological Site;1992;0;103,237589;17,407772;30;(iii);Cultural;C;Thailand;Asia and the Pacific;tha
681;Historic City of Ayutthaya;1991;0;100,56056;14,34778;289;(iii);Cultural;C;Thailand;Asia and the Pacific;tha
698;Dong Phayayen-Khao Yai Forest Complex;2005;0;102,05;14,33;615500;(x);Natural;N;Thailand;Asia and the Pacific;tha
699;Thungyai-Huai Kha Khaeng Wildlife Sanctuaries;1991;0;98,91667;15,33333;622200;(vii)(ix)(x);Natural;N;Thailand;Asia and the Pacific;tha
2394;Kaeng Krachan Forest Complex;2021;0;99,40016667;12,86566667;408940;(x);Natural;N;Thailand;Asia and the Pacific;tha
2557;Phu Phrabat, a testimony to the Sīma stone tradition of the Dvaravati period;2024;0;102,3562667;17,73105833;585,955;(iii)(v);Cultural;C;Thailand;Asia and the Pacific;tha
2489;The Ancient Town of Si Thep and its Associated Dvaravati Monuments;2023;0;101,1511139;15,46581667;866,471;(ii)(iii);Cultural;C;Thailand;Asia and the Pacific;tha
11;Ichkeul National Park;1980;0;9,67472;37,16361;12600;(x);Natural;N;Tunisia;Arab States;tun
1744;Medina of Tunis;1979;0;10,16667;36,81667;296,41;(ii)(iii)(v);Cultural;C;Tunisia;Arab States;tun
41;Archaeological Site of Carthage;1979;0;10,32333;36,85278;498,08;(ii)(iii)(vi);Cultural;C;Tunisia;Arab States;tun
1741;Amphitheatre of El Jem;1979;0;10,70694;35,29639;1,37;(iv)(vi);Cultural;C;Tunisia;Arab States;tun
378;Punic Town of Kerkuane and its Necropolis;1985;0;11,09917;36,94639;0,1119;(iii);Cultural;C;Tunisia;Arab States;tun
1743;Medina of Sousse;1988;0;10,63861;35,82778;31,68;(iii)(iv)(v);Cultural;C;Tunisia;Arab States;tun
1742;Kairouan;1988;0;10,10389;35,68167;68,02;(i)(ii)(iii)(v)(vi);Cultural;C;Tunisia;Arab States;tun
938;Dougga / Thugga;1997;0;9,22028;36,42361;75;(ii)(iii);Cultural;C;Tunisia;Arab States;tun
2498;Djerba: Testimony to a settlement pattern in an island territory;2023;0;11,00395833;33,79241944;5460,477;(v);Cultural;C;Tunisia;Arab States;tun
2255;Historic Areas of Istanbul;1985;0;28,97993;41,00847;765,5;(i)(ii)(iii)(iv);Cultural;C;Türkiye;Europe and North America;tur
410;Göreme National Park and the Rock Sites of Cappadocia;1985;0;34,85;38,66667;9883,81;(i)(iii)(v)(vii);Mixed;C/N;Türkiye;Europe and North America;tur
411;Great Mosque and Hospital of Divriği;1985;0;38,121826;39,371271;2016;(i)(iv);Cultural;C;Türkiye;Europe and North America;tur
432;Hattusha: the Hittite Capital;1986;0;34,62056;40,01389;268,46;(i)(ii)(iii)(iv);Cultural;C;Türkiye;Europe and North America;tur
520;Nemrut Dağ;1987;0;38,76369;38,03661;11;(i)(iii)(iv);Cultural;C;Türkiye;Europe and North America;tur
563;Xanthos-Letoon;1988;0;29,32028;36,335;126,4;(ii)(iii);Cultural;C;Türkiye;Europe and North America;tur
564;Hierapolis-Pamukkale;1988;0;29,12333;37,92389;1077;(iii)(iv)(vii);Mixed;C/N;Türkiye;Europe and North America;tur
729;City of Safranbolu;1994;0;32,68972;41,26;193;(ii)(iv)(v);Cultural;C;Türkiye;Europe and North America;tur
1000;Archaeological Site of Troy;1998;0;26,239;39,95644;158;(ii)(iii)(vi);Cultural;C;Türkiye;Europe and North America;tur
2014;Ephesus;2015;0;27,35944444;37,92916667;662,62;(iii)(iv)(vi);Cultural;C;Türkiye;Europe and North America;tur
1784;Selimiye Mosque and its Social Complex;2011;0;26,55944444;41,67777778;2,5;(i)(iv);Cultural;C;Türkiye;Europe and North America;tur
1829;Neolithic Site of Çatalhöyük;2012;0;32,82805556;37,66666667;37;(iii)(iv);Cultural;C;Türkiye;Europe and North America;tur
1995;Bursa and Cumalıkızık: the Birth of the Ottoman Empire;2014;0;29,06233611;40,18473056;27,467;(i)(ii)(iv)(vi);Cultural;C;Türkiye;Europe and North America;tur
2001;Pergamon and its Multi-Layered Cultural Landscape;2014;0;27,18;39,12583333;332,5;(i)(ii)(iii)(iv)(vi);Cultural;C;Türkiye;Europe and North America;tur
2049;Diyarbakır Fortress and Hevsel Gardens Cultural Landscape;2015;0;40,23930833;37,9031;521,23;(iv);Cultural;C;Türkiye;Europe and North America;tur
2110;Archaeological Site of Ani;2016;0;43,56666667;40,5;250,7;(ii)(iii)(iv);Cultural;C;Türkiye;Europe and North America;tur
2170;Aphrodisias;2017;0;28,72361111;37,70833333;152,25;(ii)(iii)(iv)(vi);Cultural;C;Türkiye;Europe and North America;tur
2237;Göbekli Tepe;2018;0;38,92236389;37,22324194;126;(i)(ii)(iv);Cultural;C;Türkiye;Europe and North America;tur
2351;Arslantepe Mound;2021;0;38,36109167;38,3822;4,85;(iii);Cultural;C;Türkiye;Europe and North America;tur
2439;Gordion;2023;0;31,98611111;39,64333333;1064;(iii);Cultural;C;Türkiye;Europe and North America;tur
2482;Wooden Hypostyle Mosques of Medieval Anatolia;2023;0;30,529575;38,75503611;0,61;(ii)(iv);Cultural;C;Türkiye;Europe and North America;tur
2584;Sardis and the Lydian Tumuli of Bin Tepe;2025;0;28,04527778;38,48194444;9244;(iii);Cultural;C;Türkiye;Europe and North America;tur
1038;State Historical and Cultural Park “Ancient Merv”;1999;0;62,1775;37,70083;353,24;(ii)(iii);Cultural;C;Turkmenistan;Asia and the Pacific;tkm
1376;Kunya-Urgench;2005;0;59,08494;42,18318;353,24;(ii)(iii);Cultural;C;Turkmenistan;Asia and the Pacific;tkm
1471;Parthian Fortresses of Nisa;2007;0;58,19861111;37,99972222;77,905;(ii)(iii);Cultural;C;Turkmenistan;Asia and the Pacific;tkm
806;Bwindi Impenetrable National Park;1994;0;29,692;-1,047;32092;(vii)(x);Natural;N;Uganda;Africa;uga
808;Rwenzori Mountains National Park;1994;0;29,92416667;0,223611111;99600;(vii)(x);Natural;N;Uganda;Africa;uga
1192;Tombs of Buganda Kings at Kasubi;2001;0;32,55138889;0,348611111;26,8;(i)(iii)(iv)(vi);Cultural;C;Uganda;Africa;uga
2412;Kyiv: Saint-Sophia Cathedral and Related Monastic Buildings, Kyiv-Pechersk Lavra;1990;1;30,51686;50,45258;28,52;(i)(ii)(iii)(iv);Cultural;C;Ukraine;Europe and North America;ukr
1632;L'viv – the Ensemble of the Historic Centre;1998;1;24,03198;49,84163;120;(ii)(v);Cultural;C;Ukraine;Europe and North America;ukr
1785;Residence of Bukovinian and Dalmatian Metropolitans;2011;0;25,92472222;48,29666667;8;(ii)(iii)(iv);Cultural;C;Ukraine;Europe and North America;ukr
1895;Ancient City of Tauric Chersonese and its Chora;2013;0;33,49138889;44,61083333;259,3752;(ii)(v);Cultural;C;Ukraine;Europe and North America;ukr
2519;The Historic Centre of Odesa;2023;1;30,74161389;46,48645;618,54;(ii)(iv);Cultural;C;Ukraine;Europe and North America;ukr
1762;Cultural Sites of Al Ain (Hafit, Hili, Bidaa Bint Saud and Oases Areas);2011;0;55,80638889;24,06777778;4945,45;(iii)(iv)(v);Cultural;C;United Arab Emirates;Arab States;are
2588;Faya Palaeolandscape;2025;0;55,80658333;25,08280556;29,085;(iii)(iv);Cultural;C;United Arab Emirates;Arab States;are
2178;Giant's Causeway and Causeway Coast;1986;0;-6,511666667;55,24083333;239,405;(vii)(viii);Natural;N;United Kingdom of Great Britain and Northern Ireland;Europe and North America;gbr
1634;Durham Castle and Cathedral;1986;0;-1,576111111;54,77472222;8,79;(ii)(iv)(vi);Cultural;C;United Kingdom of Great Britain and Northern Ireland;Europe and North America;gbr
425;Ironbridge Gorge;1986;0;-2,472777778;52,62638889;547,9;(i)(ii)(iv)(vi);Cultural;C;United Kingdom of Great Britain and Northern Ireland;Europe and North America;gbr
1930;Studley Royal Park including the Ruins of Fountains Abbey;1986;0;-1,573055556;54,11611111;310;(i)(iv);Cultural;C;United Kingdom of Great Britain and Northern Ireland;Europe and North America;gbr
1633;Stonehenge, Avebury and Associated Sites;1986;0;-1,825277778;51,17888889;4985,4;(i)(ii)(iii);Cultural;C;United Kingdom of Great Britain and Northern Ireland;Europe and North America;gbr
429;Castles and Town Walls of King Edward in Gwynedd;1986;0;-4,276944444;53,13972222;6;(i)(iii)(iv);Cultural;C;United Kingdom of Great Britain and Northern Ireland;Europe and North America;gbr
2202;St Kilda;1986;0;-8,576666667;57,81722222;24201,4004;(iii)(v)(vii)(ix)(x);Mixed;C/N;United Kingdom of Great Britain and Northern Ireland;Europe and North America;gbr
2171;The English Lake District;2017;0;-3,082416667;54,47661111;229205,19;(ii)(v)(vi);Cultural;C;United Kingdom of Great Britain and Northern Ireland;Europe and North America;gbr
492;Blenheim Palace;1987;0;-1,361388889;51,84194444;0;(ii)(iv);Cultural;C;United Kingdom of Great Britain and Northern Ireland;Europe and North America;gbr
1635;Palace of Westminster and Westminster Abbey including Saint Margaret’s Church;1987;0;-0,127;51,499;10,26;(i)(ii)(iv);Cultural;C;United Kingdom of Great Britain and Northern Ireland;Europe and North America;gbr
495;City of Bath;1987;0;-2,359055556;51,38130556;2900;(i)(ii)(iv);Cultural;C;United Kingdom of Great Britain and Northern Ireland;Europe and North America;gbr
497;New Lanark;2001;0;-3,783055556;55,66333333;146;(ii)(iv)(vi);Cultural;C;United Kingdom of Great Britain and Northern Ireland;Europe and North America;gbr
566;Henderson Island;1988;0;-128,3333333;-24,36666667;3700;(vii)(x);Natural;N;United Kingdom of Great Britain and Northern Ireland;Europe and North America;gbr
567;Tower of London;1988;0;-0,076111111;51,50805556;0;(ii)(iv);Cultural;C;United Kingdom of Great Britain and Northern Ireland;Europe and North America;gbr
578;Canterbury Cathedral, St Augustine's Abbey, and St Martin's Church;1988;0;1,083333333;51,28;18,17;(i)(ii)(vi);Cultural;C;United Kingdom of Great Britain and Northern Ireland;Europe and North America;gbr
2125;Heart of Neolithic Orkney;1999;0;-3,188666667;58,99605556;15;(i)(ii)(iii)(iv);Cultural;C;United Kingdom of Great Britain and Northern Ireland;Europe and North America;gbr
860;Old and New Towns of Edinburgh;1995;0;-3,216666667;55,95;0;(ii)(iv);Cultural;C;United Kingdom of Great Britain and Northern Ireland;Europe and North America;gbr
874;Gough and Inaccessible Islands;1995;0;-9,928611111;-40,32472222;7900;(vii)(x);Natural;N;United Kingdom of Great Britain and Northern Ireland;Europe and North America;gbr
939;Maritime Greenwich;1997;0;-0,003777778;51,48116667;109,5;(i)(ii)(iv)(vi);Cultural;C;United Kingdom of Great Britain and Northern Ireland;Europe and North America;gbr
1147;Historic Town of St George and Related Fortifications, Bermuda;2000;0;-64,67777778;32,37944444;257,5;(iv);Cultural;C;United Kingdom of Great Britain and Northern Ireland;Europe and North America;gbr
1148;Blaenavon Industrial Landscape;2000;0;-3,088055556;51,77638889;3290;(iii)(iv);Cultural;C;United Kingdom of Great Britain and Northern Ireland;Europe and North America;gbr
1201;Saltaire;2001;0;-1,788333333;53,83916667;20;(ii)(iv);Cultural;C;United Kingdom of Great Britain and Northern Ireland;Europe and North America;gbr
1202;Dorset and East Devon Coast;2001;0;-2,989888889;50,70555556;2550;(viii);Natural;N;United Kingdom of Great Britain and Northern Ireland;Europe and North America;gbr
1203;Derwent Valley Mills;2001;0;-1,488055556;53,02888889;1228,7;(ii)(iv);Cultural;C;United Kingdom of Great Britain and Northern Ireland;Europe and North America;gbr
1262;Royal Botanic Gardens, Kew;2003;0;-0,294027778;51,48194444;132;(ii)(iii)(iv);Cultural;C;United Kingdom of Great Britain and Northern Ireland;Europe and North America;gbr
1392;Cornwall and West Devon Mining Landscape;2006;0;-5,383611111;50,13611111;19719;(ii)(iii)(iv);Cultural;C;United Kingdom of Great Britain and Northern Ireland;Europe and North America;gbr
1583;Pontcysyllte Aqueduct and Canal;2009;0;-3,087777778;52,97027778;105;(i)(ii)(iv);Cultural;C;United Kingdom of Great Britain and Northern Ireland;Europe and North America;gbr
2046;The Forth Bridge;2015;0;-3,388888889;56,00111111;7,5;(i)(iv);Cultural;C;United Kingdom of Great Britain and Northern Ireland;Europe and North America;gbr
2087;Gorham's Cave Complex;2016;0;-5,342061111;36,12266944;28;(iii);Cultural;C;United Kingdom of Great Britain and Northern Ireland;Europe and North America;gbr
2285;Jodrell Bank Observatory;2019;0;-2,303861111;53,23391667;17,38;(i)(ii)(iv)(vi);Cultural;C;United Kingdom of Great Britain and Northern Ireland;Europe and North America;gbr
2371;The Slate Landscape of Northwest Wales;2021;0;-4,115;53,12083333;3259,01;(ii)(iv);Cultural;C;United Kingdom of Great Britain and Northern Ireland;Europe and North America;gbr
2540;The Flow Country;2024;0;-4,046111111;58,39916667;187026;(ix);Natural;N;United Kingdom of Great Britain and Northern Ireland;Europe and North America;gbr
1639;Ngorongoro Conservation Area;1979;0;35,54083;-3,18722;809440;(iv)(vii)(viii)(ix)(x);Mixed;C/N;United Republic of Tanzania;Africa;tza
159;Ruins of Kilwa Kisiwani and Ruins of Songo Mnara;1981;0;39,52278;-8,95778;0;(iii);Cultural;C;United Republic of Tanzania;Africa;tza
174;Serengeti National Park;1981;0;34,56667;-2,33333;1476300;(vii)(x);Natural;N;United Republic of Tanzania;Africa;tza
192;Stone Town of Zanzibar;2000;0;39,18917;-6,16306;96;(ii)(iii)(vi);Cultural;C;United Republic of Tanzania;Africa;tza
1924;Selous Game Reserve;1982;1;37,4;-9;5120000;(ix)(x);Natural;N;United Republic of Tanzania;Africa;tza
466;Kilimanjaro National Park;1987;0;37,36667;-3,06667;75575;(vii);Natural;N;United Republic of Tanzania;Africa;tza
1449;Kondoa Rock-Art Sites;2006;0;35,83388889;-4,724444444;233600;(iii)(vi);Cultural;C;United Republic of Tanzania;Africa;tza
30;Mesa Verde National Park;1978;0;-108,4855556;37,26166667;21043;(iii);Cultural;C;United States of America;Europe and North America;usa
31;Yellowstone National Park;1978;0;-110,82778;44,46056;898349;(vii)(viii)(ix)(x);Natural;N;United States of America;Europe and North America;usa
81;Grand Canyon National Park;1979;0;-112,0905556;36,10083333;493270;(vii)(viii)(ix)(x);Natural;N;United States of America;Europe and North America;usa
82;Everglades National Park;1979;1;-80,99638889;25,55444444;567017;(viii)(ix)(x);Natural;N;United States of America;Europe and North America;usa
84;Independence Hall;1979;0;-75,15;39,94861111;2;(vi);Cultural;C;United States of America;Europe and North America;usa
147;Redwood National and State Parks;1980;0;-123,9980556;41,37388889;41571;(vii)(ix);Natural;N;United States of America;Europe and North America;usa
168;Mammoth Cave National Park;1981;0;-86,10305556;37,18722222;21191;(vii)(viii)(x);Natural;N;United States of America;Europe and North America;usa
169;Olympic National Park;1981;0;-123,4488889;47,74833333;369659,8;(vii)(ix);Natural;N;United States of America;Europe and North America;usa
2191;Cahokia Mounds State Historic Site;1982;0;-90,06138889;38,65861111;541;(iii)(iv);Cultural;C;United States of America;Europe and North America;usa
289;Great Smoky Mountains National Park;1983;0;-83,43555556;35,59305556;209000;(vii)(viii)(ix)(x);Natural;N;United States of America;Europe and North America;usa
2192;La Fortaleza and San Juan National Historic Site in Puerto Rico;1983;0;-66,125;18,46666667;33,39;(vi);Cultural;C;United States of America;Europe and North America;usa
346;Statue of Liberty;1984;0;-74,04472222;40,68944444;5,95;(i)(vi);Cultural;C;United States of America;Europe and North America;usa
347;Yosemite National Park;1984;0;-119,5966667;37,74611111;307934;(vii)(viii);Natural;N;United States of America;Europe and North America;usa
405;Chaco Culture;1987;0;-107,9708333;36,06377778;14261;(iii);Cultural;C;United States of America;Europe and North America;usa
472;Hawaii Volcanoes National Park;1987;0;-155,1236111;19,40083333;87940;(viii);Natural;N;United States of America;Europe and North America;usa
2126;Monticello and the University of Virginia in Charlottesville;1987;0;-78,50388889;38,03277778;795,96;(i)(iv)(vi);Cultural;C;United States of America;Europe and North America;usa
573;Taos Pueblo;1992;0;-105,546;36,438;19,01;(iv);Cultural;C;United States of America;Europe and North America;usa
852;Carlsbad Caverns National Park;1995;0;-104,3833333;32,16666667;18926;(vii)(viii);Natural;N;United States of America;Europe and North America;usa
1672;Papahānaumokuākea;2010;0;-170,14582;25,34907;36207499;(iii)(vi)(viii)(ix)(x);Mixed;C/N;United States of America;Europe and North America;usa
1978;Monumental Earthworks of Poverty Point;2014;0;-91,40638889;32,63694444;163;(iii);Cultural;C;United States of America;Europe and North America;usa
2027;San Antonio Missions;2015;0;-98,46;29,32805556;300,8;(ii);Cultural;C;United States of America;Europe and North America;usa
2322;The 20th-Century Architecture of Frank Lloyd Wright;2019;0;-79,46647556;39,90557083;25,723;(ii);Cultural;C;United States of America;Europe and North America;usa
2477;Hopewell Ceremonial Earthworks;2023;0;-82,44606111;40,05365833;320,7;(i)(iii);Cultural;C;United States of America;Europe and North America;usa
881;Historic Quarter of the City of Colonia del Sacramento;1995;0;-57,849898;-34,47119;19;(iv);Cultural;C;Uruguay;Latin America and the Caribbean;ury
2025;Fray Bentos Industrial Landscape;2015;0;-58,33166667;-33,11777778;273,8;(ii)(iv);Cultural;C;Uruguay;Latin America and the Caribbean;ury
2324;The work of engineer Eladio Dieste: Church of Atlántida;2021;0;-55,76640833;-34,74391944;0,56;(iv);Cultural;C;Uruguay;Latin America and the Caribbean;ury
638;Itchan Kala;1990;0;60,360253;41,378088;37,5;(iii)(iv)(v);Cultural;C;Uzbekistan;Asia and the Pacific;uzb
2184;Historic Centre of Bukhara;1993;0;64,42861;39,77472;216;(ii)(iv)(vi);Cultural;C;Uzbekistan;Asia and the Pacific;uzb
715;Samarkand – Crossroad of Cultures;2001;0;67;39,66861;1123;(i)(ii)(iv);Cultural;C;Uzbekistan;Asia and the Pacific;uzb
1037;Historic Centre of Shakhrisyabz;2000;1;66,83333;39,05;240;(iii)(iv);Cultural;C;Uzbekistan;Asia and the Pacific;uzb
1511;Chief Roi Mata’s Domain;2008;0;168,1777194;-17,62806944;886,31;(iii)(v)(vi);Cultural;C;Vanuatu;Asia and the Pacific;vut
779;Coro and its Port;1993;1;-69,679228;11,409794;18,4;(iv)(v);Cultural;C;Venezuela (Bolivarian Republic of);Latin America and the Caribbean;ven
829;Canaima National Park;1994;0;-62,037883;5,337994;3000000;(vii)(viii)(ix)(x);Natural;N;Venezuela (Bolivarian Republic of);Latin America and the Caribbean;ven
1150;Ciudad Universitaria de Caracas;2000;0;-66,89068;10,49073;164,203;(i)(iv);Cultural;C;Venezuela (Bolivarian Republic of);Latin America and the Caribbean;ven
2452;Ha Long Bay - Cat Ba Archipelago;1994;0;107,1611111;20,83277778;65650;(vii)(viii);Natural;N;Viet Nam;Asia and the Pacific;vnm
802;Complex of Hué Monuments;1993;0;107,57778;16,46944;315,47;(iv);Cultural;C;Viet Nam;Asia and the Pacific;vnm
1109;Hoi An Ancient Town;1999;0;108,3333333;15,88333333;30;(ii)(v);Cultural;C;Viet Nam;Asia and the Pacific;vnm
1110;My Son Sanctuary;1999;0;108,109169;15,773843;142;(ii)(iii);Cultural;C;Viet Nam;Asia and the Pacific;vnm
1689;Central Sector of the Imperial Citadel of Thang Long - Hanoi;2010;0;105,838623;21,03752;18,395;(ii)(iii)(vi);Cultural;C;Viet Nam;Asia and the Pacific;vnm
1775;Citadel of the Ho Dynasty;2011;0;105,6047222;20,07805556;155,5;(ii)(iv);Cultural;C;Viet Nam;Asia and the Pacific;vnm
2179;Trang An Landscape Complex;2014;0;105,8963889;20,25666667;6226;(v)(vii)(viii);Mixed;C/N;Viet Nam;Asia and the Pacific;vnm
2585;Yen Tu-Vinh Nghiem-Con Son, Kiep Bac Complex of Monuments and Landscapes;2025;0;106,5353972;21,11925556;525,748;(iii)(vi);Cultural;C;Viet Nam;Asia and the Pacific;vnm
213;Old Walled City of Shibam;1982;1;48,62667;15,92694;0;(iii)(iv)(v);Cultural;C;Yemen;Arab States;yem
444;Old City of Sana'a;1986;1;44,20805556;15,35555556;;(iv)(v)(vi);Cultural;C;Yemen;Arab States;yem
725;Historic Town of Zabid;1993;1;43,31552778;14,19533333;;(ii)(iv)(vi);Cultural;C;Yemen;Arab States;yem
1548;Socotra Archipelago;2008;0;53,83333333;12,5;410460;(x);Natural;N;Yemen;Arab States;yem
2505;Landmarks of the Ancient Kingdom of Saba, Marib;2023;1;45,33522778;15,42687778;375,29;(iii)(iv);Cultural;C;Yemen;Arab States;yem
339;Mana Pools National Park, Sapi and Chewore Safari Areas;1984;0;29,40805556;-15,81944444;676600;(vii)(ix)(x);Natural;N;Zimbabwe;Africa;zwe
345;Matobo Hills;2003;0;28,5;-20,5;205000;(iii)(v)(vi);Cultural;C;Zimbabwe;Africa;zwe
417;Great Zimbabwe National Monument;1986;0;30,93326897;-20,27116995;722;(i)(iii)(vi);Cultural;C;Zimbabwe;Africa;zwe
418;Khami Ruins National Monument;1986;0;28,37666667;-20,15833333;0;(iii)(iv);Cultural;C;Zimbabwe;Africa;zwe
2513;Ancient and Primeval Beech Forests of the Carpathians and Other Regions of Europe;2007;0;22,18333333;48,9;99947,81;(ix);Natural;N;Albania,Austria,Belgium,Bosnia and Herzegovina,Bulgaria,Croatia,Czechia,France,Germany,Italy,North Macedonia,Poland,Romania,Slovakia,Slovenia,Spain,Switzerland,Ukraine;Europe and North America;alb,aut,bel,bgr,bih,che,cze,deu,esp,fra,hrv,ita,mkd,pol,rou,svk,svn,ukr
2313;Natural and Cultural Heritage of the Ohrid region;1979;0;20,70416667;40,99183333;94728,6;(i)(iii)(iv)(vii);Mixed;C/N;Albania,North Macedonia;Europe and North America;alb,mkd
2085;The Architectural Work of Le Corbusier, an Outstanding Contribution to the Modern Movement;2016;0;6,829336111;46,46841389;98,4838;(i)(ii)(vi);Cultural;C;Argentina,Belgium,France,Germany,India,Japan,Switzerland;Asia and the Pacific,Europe and North America,Latin America and the Caribbean;arg,bel,che,deu,fra,ind,jpn
2003;Qhapaq Ñan, Andean Road System;2014;0;-69,59166667;-18,25;3642,8067;(ii)(iii)(iv)(vi);Cultural;C;Argentina,Bolivia (Plurinational State of),Chile,Colombia,Ecuador,Peru;Latin America and the Caribbean;arg,bol,chl,col,ecu,per
326;Jesuit Missions of the Guaranis: San Ignacio Mini, Santa Ana, Nuestra Señora de Loreto and Santa Maria Mayor (Argentina), Ruins of Sao Miguel das Missoes (Brazil);1983;0;-54,26583333;-28,54333333;265,09;(iv);Cultural;C;Argentina,Brazil;Latin America and the Caribbean;arg,bra
2618;The Great Spa Towns of Europe;2021;0;5,866944444;50,49222222;7018;(ii)(iii);Cultural;C;Austria,Belgium,Czechia,France,Germany,Italy,United Kingdom of Great Britain and Northern Ireland;Europe and North America;aut,bel,cze,deu,fra,gbr,ita
1782;Prehistoric Pile Dwellings around the Alps;2011;0;8,2075;47,27833333;274,2;(iv)(v);Cultural;C;Austria,France,Germany,Italy,Slovenia,Switzerland;Europe and North America;aut,che,deu,fra,ita,svn
2617;Frontiers of the Roman Empire – The Danube Limes (Western Segment);2021;0;16,86138889;48,11519444;821,7474;(ii)(iii)(iv);Cultural;C;Austria,Germany,Slovakia;Europe and North America;aut,deu,svk
913;Fertö / Neusiedlersee Cultural Landscape;2001;0;16,72272222;47,71927778;68369;(v);Cultural;C;Austria,Hungary;Europe and North America;aut,hun
2454;Hyrcanian Forests;2019;0;55,72427778;37,42147222;145004,74;(ix);Natural;N;Azerbaijan,Iran (Islamic Republic of);Asia and the Pacific,Europe and North America;aze,irn
1364;Struve Geodetic Arc;2005;0;26,33777778;59,05777778;0;(ii)(iv)(vi);Cultural;C;Belarus,Estonia,Finland,Latvia,Lithuania,Norway,Republic of Moldova,Russian Federation,Sweden,Ukraine;Europe and North America;blr,est,fin,ltu,lva,mda,nor,rus,swe,ukr
2005;Białowieża Forest;1979;0;23,98111111;52,7275;141885;(ix)(x);Natural;N;Belarus,Poland;Europe and North America;blr,pol
1100;Belfries of Belgium and France;1999;0;3,23139;50,17444;0;(ii)(iv);Cultural;C;Belgium,France;Europe and North America;bel,fra
2559;Funerary and memory sites of the First World War (Western Front);2023;0;;;879,91;(iii)(iv)(vi);Cultural;C;Belgium,France;Europe and North America;bel,fra
2565;Colonies of Benevolence;2021;0;6,391588889;53,04222222;2012;(ii)(iv);Cultural;C;Belgium,Netherlands (Kingdom of the);Europe and North America;bel,nld
2612;W-Arly-Pendjari Complex;1996;0;2,487777778;11,88416667;1714831;(ix)(x);Natural;N;Benin,Burkina Faso,Niger;Africa;ben,bfa,ner
2448;Koutammakou, the Land of the Batammariba;2004;0;1,100222222;10,14808333;271826;(v)(vi);Cultural;C;Benin,Togo;Africa;ben,tgo
2094;Stećci Medieval Tombstone Graveyards;2016;0;17,92405278;43,09221389;49,15;(iii)(vi);Cultural;C;Bosnia and Herzegovina,Croatia,Montenegro,Serbia;Europe and North America;bih,hrv,mne,srb
1920;Sangha Trinational;2012;0;16,55416667;2,609444444;746309;(ix)(x);Natural;N;Cameroon,Central African Republic,Congo;Africa;caf,cmr,cog
78;Kluane / Wrangell-St. Elias / Glacier Bay / Tatshenshini-Alsek;1979;0;-140,9919722;61,19758333;9839121;(vii)(viii)(ix)(x);Natural;N;Canada,United States of America;Europe and North America;can,usa
407;Waterton Glacier International Peace Park;1995;0;-113,9041667;48,99605556;457614;(vii)(ix);Natural;N;Canada,United States of America;Europe and North America;can,usa
1985;Silk Roads: the Routes Network of Chang'an-Tianshan Corridor;2014;0;108,8572222;34,30444444;42668,16;(ii)(iii)(v)(vi);Cultural;C;China,Kazakhstan,Kyrgyzstan;Asia and the Pacific;chn,kaz,kgz
226;Talamanca Range-La Amistad Reserves / La Amistad National Park;1983;0;-82,93880556;9,407083333;570045;(vii)(viii)(ix)(x);Natural;N;Costa Rica,Panama;Latin America and the Caribbean;cri,pan
173;Mount Nimba Strict Nature Reserve;1981;1;-8,39097;7,60318;17540;(ix)(x);Natural;N;Côte d'Ivoire,Guinea;Africa;civ,gin
2162;Venetian Works of Defence between the 16th and 17th Centuries: <em>Stato da Terra</em> – Western <em>Stato da Mar</em>;2017;0;9,663611111;45,70333333;378,37;(iii)(iv);Cultural;C;Croatia,Italy,Montenegro;Europe and North America;hrv,ita,mne
2267;Erzgebirge/Krušnohoří Mining Region;2019;0;12,83734444;50,40652778;6833,776;(ii)(iii)(iv);Cultural;C;Czechia,Germany;Europe and North America;cze,deu
1967;Wadden Sea;2009;0;8,556111111;53,52861111;1143403;(viii)(ix)(x);Natural;N;Denmark,Germany,Netherlands (Kingdom of the);Europe and North America;deu,dnk,nld
2554;Moravian Church Settlements;2015;0;9,481388889;55,35555556;;(iii)(iv);Cultural;C;Denmark,Germany,United Kingdom of Great Britain and Northern Ireland,United States of America;Europe and North America;deu,dnk,gbr,usa
1050;High Coast / Kvarken Archipelago;2000;0;21,3;63,3;336900;(viii);Natural;N;Finland,Sweden;Europe and North America;fin,swe
915;Pyrénées - Mont Perdu;1997;0;-0,0005;42,68542;30639;(iii)(iv)(v)(vii)(viii);Mixed;C/N;France,Spain;Europe and North America;esp,fra
1403;Stone Circles of Senegambia;2006;0;-15,5225;13,69111111;9,85;(i)(iii);Cultural;C;Gambia,Senegal;Africa;gmb,sen
2369;Frontiers of the Roman Empire – The Lower German Limes;2021;0;4,433;52,18033333;812,75;(ii)(iii)(iv);Cultural;C;Germany,Netherlands (Kingdom of the);Europe and North America;deu,nld
2623;Muskauer Park / Park Mużakowski;2004;0;14,729389;51,547653;352,14;(i)(iv);Cultural;C;Germany,Poland;Europe and North America;deu,pol
1539;Frontiers of the Roman Empire;1987;0;-2,601;54,99261111;526,9;(ii)(iii)(iv);Cultural;C;Germany,United Kingdom of Great Britain and Northern Ireland;Europe and North America;deu,gbr
2568;Historic Centre of Rome, the Properties of the Holy See in that City Enjoying Extraterritorial Rights and San Paolo Fuori le Mura;1980;0;12,49230556;41,89022222;1469,7;(i)(ii)(iii)(iv)(vi);Cultural;C;Holy See,Italy;Europe and North America;ita,vat
1624;Caves of Aggtelek Karst and Slovak Karst;1995;0;20,48687;48,47573;56650,57;(viii);Natural;N;Hungary,Slovakia;Europe and North America;hun,svk
1643;Monte San Giorgio;2003;0;8,913888889;45,88888889;1089,34;(viii);Natural;N;Italy,Switzerland;Europe and North America;che,ita
1503;Rhaetian Railway in the Albula / Bernina Landscapes;2008;0;9,846388889;46,49833333;152,42;(ii)(iv);Cultural;C;Italy,Switzerland;Europe and North America;che,ita
2079;Western Tien-Shan;2016;0;68,67888889;43,71833333;528177,6;(x);Natural;N;Kazakhstan,Kyrgyzstan,Uzbekistan;Asia and the Pacific;kaz,kgz,uzb
2481;Cold Winter Deserts of Turan;2023;0;79,03416667;44,02583333;3366441;(ix)(x);Natural;N;Kazakhstan,Turkmenistan,Uzbekistan;Asia and the Pacific;kaz,tkm,uzb
2604;Phong Nha-Ke Bang National Park and Hin Nam No National Park;2003;0;105,9052778;17,42755556;217447;(viii)(ix)(x);Natural;N;Lao People's Democratic Republic,Viet Nam;Asia and the Pacific;lao,vnm
2613;Maloti-Drakensberg Park;2000;0;29,12305556;-29,76527778;249313;(i)(iii)(vii)(x);Mixed;C/N;Lesotho,South Africa;Africa;lso,zaf
1158;Curonian Spit;2000;0;20,96239;55,27458;33021;(v);Cultural;C;Lithuania,Russian Federation;Europe and North America;ltu,rus
909;Uvs Nuur Basin;2003;0;92,71972222;50,275;898063,5;(ix)(x);Natural;N;Mongolia,Russian Federation;Asia and the Pacific,Europe and North America;mng,rus
2150;Landscapes of Dauria;2017;0;115,4254444;49,93022222;912624;(ix)(x);Natural;N;Mongolia,Russian Federation;Asia and the Pacific,Europe and North America;mng,rus
2603;iSimangaliso Wetland Park – Maputo National Park;1999;0;32,55;-27,83888889;397471;(vii)(ix)(x);Natural;N;Mozambique,South Africa;Africa;moz,zaf
1894;Wooden <em>Tserkvas</em> of the Carpathian Region in Poland and Ukraine;2013;0;21,03222222;49,53388889;7,03;(iii)(iv);Cultural;C;Poland,Ukraine;Europe and North America;pol,ukr
1642;Prehistoric Rock Art Sites in the Côa Valley and Siega Verde;1998;0;-6,661111111;40,6975;;(i)(iii);Cultural;C;Portugal,Spain;Europe and North America;esp,prt
1841;Heritage of Mercury. Almadén and Idrija;2012;0;-4,838888889;38,77527778;104,1;(ii)(iv);Cultural;C;Slovenia,Spain;Europe and North America;esp,svn
2435;Silk Roads: Zarafshan-Karakum Corridor;2023;0;69,68555833;39,44148889;669,679;(ii)(iii)(v);Cultural;C;Tajikistan,Turkmenistan,Uzbekistan;Asia and the Pacific;tjk,tkm,uzb
593;Mosi-oa-Tunya / Victoria Falls;1989;0;25,85539;-17,92453;6860;(vii)(viii);Natural;N;Zambia,Zimbabwe;Africa;zmb,zwe
